Ngpam Status,Siem Status,Uim Status,Rack,Hostname,Create Date,Site Code,Deployment Year,Ne Category,Os Version,User Ilo,Floor,Capacity,Server Type,Eos Date,Xdr Status,Po Number,Prod Status,Floor Room,Status,Ne Type,Site Name,In Service,Modify Date,Tahun Eos,Eos Score Klasifikasi,Uim Score Klasifikasi,Siem Score Klasifikasi,Xdr Score Klasifikasi,Klasifikasi Risk Score,Risk Level
DONE,DONE,Monitored UIM,0,bcpprobeygypapp2,2026-07-02 16:59:42 WIB,YGY,2023 (BCP 11),PROBE,Rocky Linux 8.10,root,0,60,DELL PowerEdge R750,2028,DONE,4100004105,Prod,0,Unknown,PROBE,Yogyakarta,YES,2026-07-02 16:59:42 WIB,2,30,0,0,0,12.0,Low
DONE,DONE,Not Installed Agent UIM,#16,bcpnstoreygypapp1,2026-07-02 16:59:42 WIB,YGY,2022 (BCP 10),NSTORE,Rocky Linux 8.10,administrator,1,0,HP DL380 Gen10,2027,DONE,4200029841,Prod,1,Unknown,NSTORE,Yogyakarta,YES,2026-07-02 16:59:42 WIB,1,60,100,0,0,49.0,Medium
DONE,DONE,Not Installed Agent UIM,#16,bcpprobeygypapp1,2026-07-02 16:59:42 WIB,YGY,2022 (BCP 10),PROBE,Rocky Linux 8.10,administrator,1,100,HP DL380 Gen10,2027,DONE,4200029841,Prod,1,Unknown,PROBE,Yogyakarta,YES,2026-07-02 16:59:42 WIB,1,60,100,0,0,49.0,Medium
DONE,Not Feasible,Not Available,#16,bcpswitchygypapp2,2026-07-02 16:59:42 WIB,YGY,2022 (BCP 10),SWITCH,Unknown,Unknown,1,Unknown,Cisco C9300-48T,2027,Not Feasible,4200029841,Prod,1,Unknown,SWITCH,Yogyakarta,YES,2026-07-02 16:59:42 WIB,1,60,100,100,100,84.0,High
DONE,Not Feasible,Not Available,#16,bcpswitchygypapp1,2026-07-02 16:59:42 WIB,YGY,2022 (BCP 10),SWITCH,Unknown,Unknown,1,Unknown,Cisco C9300-48T,2027,Not Feasible,4200029841,Prod,1,Unknown,SWITCH,Yogyakarta,YES,2026-07-02 16:59:42 WIB,1,60,100,100,100,84.0,High
DONE,DONE,Monitored UIM,0,bcpprobetmkpapp4,2026-07-02 16:59:42 WIB,TMK,2023 (BCP 11),PROBE,Rocky Linux 8.10,root,0,60,DELL PowerEdge R750,2028,DONE,4100004105,Prod,0,Unknown,PROBE,Timika,YES,2026-07-02 16:59:42 WIB,2,30,0,0,0,12.0,Low
DONE,DONE,Not Installed Agent UIM,BCP-8,bcpprobetmkpapp3,2026-07-02 16:59:42 WIB,TMK,2021 (BCP 9),PROBE,Rocky Linux 8.10,administrator,0,40,HP DL380 GEN10,2027,DONE,4200029838,Prod,0,Ex HRM (bcpprobehrmpapp10),PROBE,Timika,YES,2026-07-02 16:59:42 WIB,1,60,100,0,0,49.0,Medium
DONE,Not Feasible,Not Available,BCP-VSS,bcpswitchtmkpapp2,2026-07-02 16:59:42 WIB,TMK,2016 (BCP 4),SWITCH,Unknown,Unknown,2,Unknown,Switch Quanta 1G LB9,2026,Not Feasible,HOP160072,Prod,2,Unknown,SWITCH,Timika,YES,2026-07-02 16:59:42 WIB,0,100,100,100,100,100.0,High
DONE,Not Feasible,Not Available,BCP-VSS,bcpswitchtmkpapp1,2026-07-02 16:59:42 WIB,TMK,2016 (BCP 4),SWITCH,Unknown,Unknown,2,Unknown,Switch Quanta 1G LB9,2026,Not Feasible,HOP160072,Prod,2,Unknown,SWITCH,Timika,YES,2026-07-02 16:59:42 WIB,0,100,100,100,100,100.0,High
DONE,DONE,Monitored UIM,0,bcpprobetbspapp9,2026-07-02 16:59:42 WIB,TBS,2023 (BCP 11),PROBE,Unknown,root,0,60,DELL PowerEdge R750,2026,DONE,4100004105,Unknown,0,Reloc to bcpprobebtmpapp3,PROBE,TB Simatupang (JKT),,2026-07-02 16:59:42 WIB,0,100,0,0,0,40.0,Medium
DONE,DONE,Not Installed Agent UIM,0,bcpnstoretbssapp5,2026-07-02 16:59:42 WIB,TBS,2023 (BCP 11),NSTORE,Rocky Linux 8.10,root,0,0,DELL PowerEdge R750,2028,DONE,4100004105,Non Prod,0,Unknown,NSTORE,TB Simatupang (JKT),YES,2026-07-02 16:59:42 WIB,2,30,100,0,0,37.0,Medium
DONE,DONE,Not Installed Agent UIM,0,bcpprobetbssapp5,2026-07-02 16:59:42 WIB,TBS,2023 (BCP 11),PROBE,Rocky Linux 8.10,root,0,145,DELL PowerEdge R750,2028,DONE,4100004105,Non Prod,0,Unknown,PROBE,TB Simatupang (JKT),YES,2026-07-02 16:59:42 WIB,2,30,100,0,0,37.0,Medium
DONE,DONE,Not Installed Agent UIM,AV 41,bcpkafkatbspapp2,2026-07-02 16:59:42 WIB,TBS,2023 (BCP 11),KAFKA,Rocky Linux 8.10,administrator,3,Unknown,HP DL380 GEN10,2028,DONE,4200035613,Prod,3,Unknown,KAFKA,TB Simatupang (JKT),YES,2026-07-02 16:59:42 WIB,2,30,100,0,0,37.0,Medium
DONE,DONE,Not Installed Agent UIM,AV 41,bcpkafkatbspapp1,2026-07-02 16:59:42 WIB,TBS,2023 (BCP 11),KAFKA,Rocky Linux 8.10,administrator,3,Unknown,HP DL380 GEN10,2028,DONE,4200035613,Prod,3,Unknown,KAFKA,TB Simatupang (JKT),YES,2026-07-02 16:59:42 WIB,2,30,100,0,0,37.0,Medium
DONE,DONE,Not Installed Agent UIM,AV 41,bcpprobetbspapp7,2026-07-02 16:59:42 WIB,TBS,2022 (BCP 10),PROBE,Rocky Linux 8.10,administrator,3,40,HP DL380 Gen10,2027,DONE,4200029837,Prod,3,Unknown,PROBE,TB Simatupang (JKT),YES,2026-07-02 16:59:42 WIB,1,60,100,0,0,49.0,Medium
DONE,DONE,Not Installed Agent UIM,AT 37,bcpmrstbssapp1,2026-07-02 16:59:42 WIB,TBS,2020 (BCP 8),MRS,Rocky Linux 8.10,administrator,3,Unknown,HP DL560 Gen10,2028,Exclude,4200004289,Non Prod,3,Unknown,MRS,TB Simatupang (JKT),YES,2026-07-02 16:59:42 WIB,2,30,100,0,0,37.0,Medium
DONE,DONE,Not Installed Agent UIM,AT 37,bcpbrokertbssapp1,2026-07-02 16:59:42 WIB,TBS,2020 (BCP 8),BROKER,Rocky Linux 8.10,administrator,3,Unknown,HP DL380 Gen10,2028,DONE,4200004289,Non Prod,3,Unknown,BROKER,TB Simatupang (JKT),YES,2026-07-02 16:59:42 WIB,2,30,100,0,0,37.0,Medium
DONE,DONE,Monitored UIM,AT 37,bcpnstoretbspapp6,2026-07-02 16:59:42 WIB,TBS,2020 (BCP 8),NSTORE,Rocky Linux 8.10,administrator,3,0,HP DL380 Gen10,2028,DONE,4200004289,Prod,3,Unknown,NSTORE,TB Simatupang (JKT),YES,2026-07-02 16:59:42 WIB,2,30,0,0,0,12.0,Low
DONE,DONE,Monitored UIM,AT 37,bcpprobetbspapp6,2026-07-02 16:59:42 WIB,TBS,2020 (BCP 8),PROBE,Rocky Linux 8.10,administrator,3,145,HP DL380 Gen10,2028,DONE,4200004289,Prod,3,Unknown,PROBE,TB Simatupang (JKT),YES,2026-07-02 16:59:42 WIB,2,30,0,0,0,12.0,Low
DONE,Not Feasible,Not Available,AT 37,bcpswitchtbspapp6,2026-07-02 16:59:42 WIB,TBS,2020 (BCP 8),SWITCH,Unknown,Unknown,3,Unknown,Cisco 9300-48U,2028,Not Feasible,4200004289,Prod,3,Unknown,SWITCH,TB Simatupang (JKT),YES,2026-07-02 16:59:42 WIB,2,30,100,100,100,72.0,High
DONE,Not Feasible,Not Available,AT 37,bcpswitchtbspapp5,2026-07-02 16:59:42 WIB,TBS,2020 (BCP 8),SWITCH,Unknown,Unknown,3,Unknown,Cisco 9300-48U,2028,Not Feasible,4200004289,Prod,3,Unknown,SWITCH,TB Simatupang (JKT),YES,2026-07-02 16:59:42 WIB,2,30,100,100,100,72.0,High
DONE,Not Feasible,Not Available,AT 37,bcpswitch10gtbspapp1,2026-07-02 16:59:42 WIB,TBS,2020 (BCP 8),SWITCH,Unknown,Unknown,3,Unknown,Cisco 3850-24U,2028,Not Feasible,4200004289,Prod,3,Unknown,SWITCH,TB Simatupang (JKT),YES,2026-07-02 16:59:42 WIB,2,30,100,100,100,72.0,High
DONE,DONE,Monitored UIM,AT 43,bcpnstoretbspapp8,2026-07-02 16:59:42 WIB,TBS,2017 (BCP 5),NSTORE,Rocky Linux 8.10,administrator,3,0,HP DL380 GEN9,2026,DONE,HOP170051,Non Prod,3,Unknown,NSTORE,TB Simatupang (JKT),YES,2026-07-02 16:59:42 WIB,0,100,0,0,0,40.0,Medium
DONE,DONE,Monitored UIM,AT 43,bcpnstoretbspapp2,2026-07-02 16:59:42 WIB,TBS,2017 (BCP 5),NSTORE,Rocky Linux 8.10,administrator,3,0,HP DL380 GEN9,2026,DONE,HOP170051,Non Prod,3,Unknown,NSTORE,TB Simatupang (JKT),YES,2026-07-02 16:59:42 WIB,0,100,0,0,0,40.0,Medium
DONE,DONE,Monitored UIM,AT 43,bcpprobetbspapp8,2026-07-02 16:59:42 WIB,TBS,2017 (BCP 5),PROBE,Rocky Linux 8.10,administrator,3,100,HP DL380 GEN9,2026,DONE,HOP170051,Non Prod,3,Unknown,PROBE,TB Simatupang (JKT),YES,2026-07-02 16:59:42 WIB,0,100,0,0,0,40.0,Medium
DONE,DONE,Monitored UIM,AT 43,bcpprobetbspapp2,2026-07-02 16:59:42 WIB,TBS,2017 (BCP 5),PROBE,Rocky Linux 8.10,administrator,3,100,HP DL380 GEN9,2026,DONE,HOP170051,Non Prod,3,Unknown,PROBE,TB Simatupang (JKT),YES,2026-07-02 16:59:42 WIB,0,100,0,0,0,40.0,Medium
DONE,DONE,Monitored UIM,AS 43,bcpnstoretbspapp3,2026-07-02 16:59:42 WIB,TBS,2017 (BCP 5),NSTORE,Rocky Linux 8.10,administrator,3,0,HP DL380 GEN9,2026,DONE,HOP170051,Prod,3,Unknown,NSTORE,TB Simatupang (JKT),YES,2026-07-02 16:59:42 WIB,0,100,0,0,0,40.0,Medium
DONE,DONE,Not Installed Agent UIM,AS 43,bcpnstoretbssapp1,2026-07-02 16:59:42 WIB,TBS,2017 (BCP 5),NSTORE,Rocky Linux 8.10,administrator,3,0,HP DL380 GEN9,2026,DONE,HOP170051,Prod,3,Unknown,NSTORE,TB Simatupang (JKT),YES,2026-07-02 16:59:42 WIB,0,100,100,0,0,65.0,Medium
DONE,DONE,Monitored UIM,AS 43,bcpnstoretbspapp1,2026-07-02 16:59:42 WIB,TBS,2017 (BCP 5),NSTORE,Rocky Linux 8.10,administrator,3,0,HP DL380 GEN9,2026,DONE,HOP170051,Prod,3,Unknown,NSTORE,TB Simatupang (JKT),YES,2026-07-02 16:59:42 WIB,0,100,0,0,0,40.0,Medium
DONE,DONE,Monitored UIM,AS 43,bcpprobetbspapp3,2026-07-02 16:59:42 WIB,TBS,2017 (BCP 5),PROBE,Rocky Linux 8.10,administrator,3,100,HP DL380 GEN9,2026,DONE,HOP170051,Prod,3,Unknown,PROBE,TB Simatupang (JKT),YES,2026-07-02 16:59:42 WIB,0,100,0,0,0,40.0,Medium
DONE,DONE,Not Installed Agent UIM,AS 43,bcpprobetbssapp1,2026-07-02 16:59:42 WIB,TBS,2017 (BCP 5),PROBE,Rocky Linux 8.10,administrator,3,0,HP DL380 GEN9,2026,DONE,HOP170051,Prod,3,Unknown,PROBE,TB Simatupang (JKT),YES,2026-07-02 16:59:42 WIB,0,100,100,0,0,65.0,Medium
DONE,DONE,Monitored UIM,AS 43,bcpprobetbspapp1,2026-07-02 16:59:42 WIB,TBS,2017 (BCP 5),PROBE,Rocky Linux 8.10,administrator,3,100,HP DL380 GEN9,2026,DONE,HOP170051,Prod,3,Unknown,PROBE,TB Simatupang (JKT),YES,2026-07-02 16:59:42 WIB,0,100,0,0,0,40.0,Medium
DONE,DONE,Monitored UIM,AE 15,bcpnstoretbspapp5,2026-07-02 16:59:42 WIB,TBS,2019 (BCP 7),NSTORE,Rocky Linux 8.10,administrator,3,0,HP DL380 GEN10,2028,DONE,eHOP190928,Prod,3,Unknown,NSTORE,TB Simatupang (JKT),YES,2026-07-02 16:59:42 WIB,2,30,0,0,0,12.0,Low
DONE,DONE,Monitored UIM,AE 15,bcpprobetbspapp5,2026-07-02 16:59:42 WIB,TBS,2019 (BCP 7),PROBE,Rocky Linux 8.10,administrator,3,100,HP DL380 GEN10,2028,DONE,eHOP190928,Prod,3,Unknown,PROBE,TB Simatupang (JKT),YES,2026-07-02 16:59:42 WIB,2,30,0,0,0,12.0,Low
DONE,DONE,Monitored UIM,AE 15,bcpnstoretbspapp10,2026-07-02 16:59:42 WIB,TBS,2018 (BCP 6),NSTORE,Rocky Linux 8.10,administrator,3,0,HP DL380 GEN10,2028,DONE,eHOP180722,Non Prod,3,Unknown,NSTORE,TB Simatupang (JKT),YES,2026-07-02 16:59:42 WIB,2,30,0,0,0,12.0,Low
DONE,DONE,Monitored UIM,AE 15,bcpprobetbspapp10,2026-07-02 16:59:42 WIB,TBS,2018 (BCP 6),PROBE,Rocky Linux 8.10,administrator,3,100,HP DL380 GEN10,2028,DONE,eHOP180722,Non Prod,3,Unknown,PROBE,TB Simatupang (JKT),YES,2026-07-02 16:59:42 WIB,2,30,0,0,0,12.0,Low
DONE,Not Feasible,Not Available,AE 15,bcpswitchtbspapp4,2026-07-02 16:59:42 WIB,TBS,2018 (BCP 6),SWITCH,Unknown,Unknown,3,Unknown,QUANTA LB9,2028,Not Feasible,eHOP180722,Prod,3,Unknown,SWITCH,TB Simatupang (JKT),YES,2026-07-02 16:59:42 WIB,2,30,100,100,100,72.0,High
DONE,DONE,Monitored UIM,AD 15,bcpnstoretbspapp4,2026-07-02 16:59:42 WIB,TBS,2018 (BCP 6),NSTORE,Rocky Linux 8.10,administrator,3,0,HP DL380 GEN10,2028,DONE,eHOP180722,Prod,3,Unknown,NSTORE,TB Simatupang (JKT),YES,2026-07-02 16:59:42 WIB,2,30,0,0,0,12.0,Low
DONE,DONE,Monitored UIM,AD 15,bcpprobetbspapp4,2026-07-02 16:59:42 WIB,TBS,2018 (BCP 6),PROBE,Rocky Linux 8.10,administrator,3,100,HP DL380 GEN10,2028,DONE,eHOP180722,Prod,3,Unknown,PROBE,TB Simatupang (JKT),YES,2026-07-02 16:59:42 WIB,2,30,0,0,0,12.0,Low
DONE,DONE,Monitored UIM,0,bcpprobesdgpapp6,2026-07-02 16:59:42 WIB,SDG,2023 (BCP 11),PROBE,Rocky Linux 8.10,root,0,60,DELL PowerEdge R750,2028,DONE,4100004105,Prod,0,Unknown,PROBE,Sudiang,YES,2026-07-02 16:59:42 WIB,2,30,0,0,0,12.0,Low
DONE,DONE,Monitored UIM,BCP Exp 2020 (AE24),bcpnstoresdgpapp5,2026-07-02 16:59:42 WIB,SDG,2020 (BCP 8),NSTORE,Rocky Linux 8.10,administrator,3,0,HP DL380 GEN10,2028,DONE,4200004300,Prod,3,Unknown,NSTORE,Sudiang,YES,2026-07-02 16:59:42 WIB,2,30,0,0,0,12.0,Low
DONE,DONE,Monitored UIM,BCP Exp 2020 (AE24),bcpprobesdgpapp5,2026-07-02 16:59:42 WIB,SDG,2020 (BCP 8),PROBE,Rocky Linux 8.10,administrator,3,145,HP DL380 GEN10,2028,DONE,4200004300,Prod,3,Unknown,PROBE,Sudiang,YES,2026-07-02 16:59:42 WIB,2,30,0,0,0,12.0,Low
DONE,DONE,Not Installed Agent UIM,BCP Exp 2020 (AE24),bcpnstoresdgpapp2,2026-07-02 16:59:42 WIB,SDG,2020 (BCP 8),NSTORE,Rocky Linux 8.10,administrator,3,0,HP DL380 GEN10,2028,DONE,4200004300,Prod,3,Unknown,NSTORE,Sudiang,YES,2026-07-02 16:59:42 WIB,2,30,100,0,0,37.0,Medium
DONE,DONE,Monitored UIM,BCP Exp 2020 (AE24),bcpprobesdgpapp2,2026-07-02 16:59:42 WIB,SDG,2020 (BCP 8),PROBE,Rocky Linux 8.10,administrator,3,145,HP DL380 GEN10,2028,DONE,4200004300,Prod,3,Unknown,PROBE,Sudiang,YES,2026-07-02 16:59:42 WIB,2,30,0,0,0,12.0,Low
DONE,DONE,Monitored UIM,BCP-1,bcpnstoresdgpapp4,2026-07-02 16:59:42 WIB,SDG,2018 (BCP 6),NSTORE,Rocky Linux 8.10,administrator,3,0,HP DL380 GEN10,2028,DONE,eHOP180722,Prod,3,Unknown,NSTORE,Sudiang,YES,2026-07-02 16:59:42 WIB,2,30,0,0,0,12.0,Low
DONE,DONE,Not Installed Agent UIM,BCP-1,bcpnstoresdgpapp1,2026-07-02 16:59:42 WIB,SDG,2018 (BCP 6),NSTORE,Rocky Linux 8.10,administrator,3,0,HP DL380 GEN10,2028,DONE,eHOP180722,Prod,3,Unknown,NSTORE,Sudiang,YES,2026-07-02 16:59:42 WIB,2,30,100,0,0,37.0,Medium
DONE,DONE,Monitored UIM,BCP-1,bcpprobesdgpapp4,2026-07-02 16:59:42 WIB,SDG,2018 (BCP 6),PROBE,Rocky Linux 8.10,administrator,3,100,HP DL380 GEN9,2025,DONE,eHOP180722,Prod,3,Unknown,PROBE,Sudiang,YES,2026-07-02 16:59:42 WIB,-1,100,0,0,0,40.0,Medium
DONE,DONE,Monitored UIM,BCP-1,bcpprobesdgpapp1,2026-07-02 16:59:42 WIB,SDG,2016 (BCP 4),PROBE,Rocky Linux 8.10,administrator,3,100,HP DL380 GEN9,2026,DONE,HOP160072,Prod,3,Unknown,PROBE,Sudiang,YES,2026-07-02 16:59:42 WIB,0,100,0,0,0,40.0,Medium
DONE,DONE,Monitored UIM,0,bcpprobesrgpapp3,2026-07-02 16:59:42 WIB,SRG,2023 (BCP 11),PROBE,Rocky Linux 8.10,root,0,60,DELL PowerEdge R750,2028,DONE,4100004105,Prod,0,Unknown,PROBE,Sorong,YES,2026-07-02 16:59:42 WIB,2,30,0,0,0,12.0,Low
DONE,DONE,Not Installed Agent UIM,BCP,bcpprobesrgpapp2,2026-07-02 16:59:42 WIB,SRG,2021 (BCP 9),PROBE,Rocky Linux 8.10,administrator,2,40,HP DL380 Gen10,2027,DONE,Unknown,Prod,2,ex RNN (bcpprobernnpapp2),PROBE,Sorong,YES,2026-07-02 16:59:42 WIB,1,60,100,0,0,49.0,Medium
DONE,DONE,Agent UIM Inactive,0,bcpprobeslopapp6,2026-07-02 16:59:42 WIB,SLO,2023 (BCP 11),PROBE,Rocky Linux 8.10,root,0,60,DELL PowerEdge R750,2028,DONE,4100004105,Prod,0,Unknown,PROBE,Solo,YES,2026-07-02 16:59:42 WIB,2,30,70,0,0,29.5,Low
DONE,DONE,Not Installed Agent UIM,E 12,bcpkafkaslopapp1,2026-07-02 16:59:42 WIB,SLO,2023 (BCP 11),KAFKA,Rocky Linux 8.10,administrator,2,Unknown,HP DL380 GEN10,2028,DONE,4200035613,Prod,2,Unknown,KAFKA,Solo,YES,2026-07-02 16:59:42 WIB,2,30,100,0,0,37.0,Medium
DONE,DONE,Not Installed Agent UIM,E 12,bcpnstoreslopapp5,2026-07-02 16:59:42 WIB,SLO,2022 (BCP 10),NSTORE,Rocky Linux 8.10,administrator,2,0,HP DL380 Gen10,2027,DONE,4200029841,Prod,2,Unknown,NSTORE,Solo,YES,2026-07-02 16:59:42 WIB,1,60,100,0,0,49.0,Medium
DONE,DONE,Not Installed Agent UIM,E 12,bcpprobeslopapp5,2026-07-02 16:59:42 WIB,SLO,2022 (BCP 10),PROBE,Rocky Linux 8.10,administrator,2,100,HP DL380 Gen10,2027,DONE,4200029841,Prod,2,Unknown,PROBE,Solo,YES,2026-07-02 16:59:42 WIB,1,60,100,0,0,49.0,Medium
DONE,DONE,Not Installed Agent UIM,E 12,bcpnstoreslopapp4,2026-07-02 16:59:42 WIB,SLO,2021 (BCP 9),NSTORE,Rocky Linux 8.10,administrator,2,0,HP DL380 Gen10,2027,DONE,4200024997,Prod,2,Unknown,NSTORE,Solo,YES,2026-07-02 16:59:42 WIB,1,60,100,0,0,49.0,Medium
DONE,DONE,Not Installed Agent UIM,E 12,bcpprobeslopapp4,2026-07-02 16:59:42 WIB,SLO,2021 (BCP 9),PROBE,Rocky Linux 8.10,administrator,2,100,HP DL380 Gen10,2027,DONE,4200024997,Prod,2,Unknown,PROBE,Solo,YES,2026-07-02 16:59:42 WIB,1,60,100,0,0,49.0,Medium
DONE,DONE,Monitored UIM,E 12,bcpnstoreslopapp2,2026-07-02 16:59:42 WIB,SLO,2020 (BCP 8),NSTORE,Rocky Linux 8.10,administrator,2,0,HP DL380 Gen10,2028,DONE,4200004298,Prod,2,Unknown,NSTORE,Solo,YES,2026-07-02 16:59:42 WIB,2,30,0,0,0,12.0,Low
DONE,DONE,Not Installed Agent UIM,E 12,bcpprobeslopapp2,2026-07-02 16:59:42 WIB,SLO,2020 (BCP 8),PROBE,Rocky Linux 8.10,administrator,2,145,HP DL380 Gen10,2028,DONE,4200004298,Prod,2,Unknown,PROBE,Solo,YES,2026-07-02 16:59:42 WIB,2,30,100,0,0,37.0,Medium
DONE,DONE,Monitored UIM,E 12,bcpnstoreslopapp1,2026-07-02 16:59:42 WIB,SLO,2020 (BCP 8),NSTORE,Rocky Linux 8.10,administrator,2,0,HP DL380 Gen10,2028,DONE,4200004298,Prod,2,Unknown,NSTORE,Solo,YES,2026-07-02 16:59:42 WIB,2,30,0,0,0,12.0,Low
DONE,DONE,Monitored UIM,E 12,bcpprobeslopapp1,2026-07-02 16:59:42 WIB,SLO,2020 (BCP 8),PROBE,Rocky Linux 8.10,administrator,2,145,HP DL380 Gen10,2028,DONE,4200004298,Prod,2,Unknown,PROBE,Solo,YES,2026-07-02 16:59:42 WIB,2,30,0,0,0,12.0,Low
DONE,DONE,Monitored UIM,0,bcpprobeshtpapp7,2026-07-02 16:59:42 WIB,SHT,2023 (BCP 11),PROBE,Rocky Linux 8.10,root,0,60,DELL PowerEdge R750,2028,DONE,4100004105,Prod,0,Unknown,PROBE,Soekarno Hatta Bandung,YES,2026-07-02 16:59:42 WIB,2,30,0,0,0,12.0,Low
DONE,DONE,Not Installed Agent UIM,BCP 10,bcpkafkashtpapp1,2026-07-02 16:59:42 WIB,SHT,2023 (BCP 11),KAFKA,Rocky Linux 8.10,administrator,3,Unknown,HP DL380 GEN10,2028,DONE,4200035613,Prod,3,Unknown,KAFKA,Soekarno Hatta Bandung,YES,2026-07-02 16:59:42 WIB,2,30,100,0,0,37.0,Medium
DONE,DONE,Not Installed Agent UIM,BCP 10,bcpnstoreshtpapp6,2026-07-02 16:59:42 WIB,SHT,2022 (BCP 10),NSTORE,Rocky Linux 8.10,administrator,3,0,HP DL380 Gen10,2027,DONE,4200029840,Prod,3,Unknown,NSTORE,Soekarno Hatta Bandung,YES,2026-07-02 16:59:42 WIB,1,60,100,0,0,49.0,Medium
DONE,DONE,Not Installed Agent UIM,BCP 10,bcpprobeshtpapp6,2026-07-02 16:59:42 WIB,SHT,2022 (BCP 10),PROBE,Rocky Linux 8.10,administrator,3,100,HP DL380 Gen10,2027,DONE,4200029840,Prod,3,Unknown,PROBE,Soekarno Hatta Bandung,YES,2026-07-02 16:59:42 WIB,1,60,100,0,0,49.0,Medium
DONE,DONE,Not Installed Agent UIM,BCP 10,bcpnstoreshtpapp5,2026-07-02 16:59:42 WIB,SHT,2022 (BCP 10),NSTORE,Rocky Linux 8.10,administrator,3,0,HP DL380 Gen10,2027,DONE,4200029840,Prod,3,Unknown,NSTORE,Soekarno Hatta Bandung,YES,2026-07-02 16:59:42 WIB,1,60,100,0,0,49.0,Medium
DONE,DONE,Not Installed Agent UIM,BCP 10,bcpprobeshtpapp5,2026-07-02 16:59:42 WIB,SHT,2022 (BCP 10),PROBE,Rocky Linux 8.10,administrator,3,100,HP DL380 Gen10,2027,DONE,4200029840,Prod,3,Unknown,PROBE,Soekarno Hatta Bandung,YES,2026-07-02 16:59:42 WIB,1,60,100,0,0,49.0,Medium
DONE,DONE,Not Installed Agent UIM,BCP 7,bcpnstoreshtpapp4,2026-07-02 16:59:42 WIB,SHT,2021 (BCP 9),NSTORE,Rocky Linux 8.10,administrator,3,0,HP DL380 Gen10,2027,DONE,4200021585,Prod,3,Unknown,NSTORE,Soekarno Hatta Bandung,YES,2026-07-02 16:59:42 WIB,1,60,100,0,0,49.0,Medium
DONE,DONE,Not Installed Agent UIM,BCP 7,bcpprobeshtpapp4,2026-07-02 16:59:42 WIB,SHT,2021 (BCP 9),PROBE,Rocky Linux 8.10,administrator,3,100,HP DL380 Gen10,2027,DONE,4200021585,Prod,3,Unknown,PROBE,Soekarno Hatta Bandung,YES,2026-07-02 16:59:42 WIB,1,60,100,0,0,49.0,Medium
DONE,DONE,Monitored UIM,BCP 7,bcpnstoreshtpapp2,2026-07-02 16:59:42 WIB,SHT,2019 (BCP 7),NSTORE,Rocky Linux 8.10,administrator,3,0,HP DL380 Gen10,2028,DONE,eHOP190928,Prod,3,Unknown,NSTORE,Soekarno Hatta Bandung,YES,2026-07-02 16:59:42 WIB,2,30,0,0,0,12.0,Low
DONE,DONE,Monitored UIM,BCP 7,bcpnstoreshtpapp1,2026-07-02 16:59:42 WIB,SHT,2019 (BCP 7),NSTORE,Rocky Linux 8.10,administrator,3,0,HP DL380 Gen10,2028,DONE,eHOP190928,Prod,3,Unknown,NSTORE,Soekarno Hatta Bandung,YES,2026-07-02 16:59:42 WIB,2,30,0,0,0,12.0,Low
DONE,DONE,Monitored UIM,BCP 7,bcpprobeshtpapp2,2026-07-02 16:59:42 WIB,SHT,2019 (BCP 7),PROBE,Rocky Linux 8.10,administrator,3,100,HP DL380 Gen10,2028,DONE,eHOP190928,Prod,3,Unknown,PROBE,Soekarno Hatta Bandung,YES,2026-07-02 16:59:42 WIB,2,30,0,0,0,12.0,Low
DONE,DONE,Monitored UIM,BCP 7,bcpprobeshtpapp1,2026-07-02 16:59:42 WIB,SHT,2019 (BCP 7),PROBE,Rocky Linux 8.10,administrator,3,100,HP DL380 Gen10,2028,DONE,eHOP190928,Prod,3,Unknown,PROBE,Soekarno Hatta Bandung,YES,2026-07-02 16:59:42 WIB,2,30,0,0,0,12.0,Low
DONE,Not Feasible,Not Available,BCP 7,bcpswitchshtpapp2,2026-07-02 16:59:42 WIB,SHT,2019 (BCP 7),SWITCH,Unknown,Unknown,3,Unknown,Cisco 3850-48U,2028,Not Feasible,eHOP190928,Prod,3,Unknown,SWITCH,Soekarno Hatta Bandung,YES,2026-07-02 16:59:42 WIB,2,30,100,100,100,72.0,High
DONE,Not Feasible,Not Available,BCP 7,bcpswitchshtpapp1,2026-07-02 16:59:42 WIB,SHT,2019 (BCP 7),SWITCH,Unknown,Unknown,3,Unknown,Cisco 3850-48U,2028,Not Feasible,eHOP190928,Prod,3,Unknown,SWITCH,Soekarno Hatta Bandung,YES,2026-07-02 16:59:42 WIB,2,30,100,100,100,72.0,High
DONE,DONE,Not Installed Agent UIM,BCP,bcpkafkasinpapp1,2026-07-02 16:59:42 WIB,SIN,2023 (BCP 11),KAFKA,Rocky Linux 8.10,administrator,2,Unknown,HP DL380 Gen10,2028,DONE,4200035613,Prod,2,Unknown,KAFKA,Singaraja,YES,2026-07-02 16:59:42 WIB,2,30,100,0,0,37.0,Medium
DONE,DONE,Not Installed Agent UIM,BCP,bcpnstoresinpapp2,2026-07-02 16:59:42 WIB,SIN,2022 (BCP 10),NSTORE,Rocky Linux 8.10,administrator,2,0,HP DL380 Gen10,2027,DONE,4200029839,Prod,2,Unknown,NSTORE,Singaraja,YES,2026-07-02 16:59:42 WIB,1,60,100,0,0,49.0,Medium
DONE,DONE,Not Installed Agent UIM,BCP,bcpprobesinpapp2,2026-07-02 16:59:42 WIB,SIN,2022 (BCP 10),PROBE,Rocky Linux 8.10,administrator,2,100,HP DL380 Gen10,2027,DONE,4200029839,Prod,2,Unknown,PROBE,Singaraja,YES,2026-07-02 16:59:42 WIB,1,60,100,0,0,49.0,Medium
DONE,DONE,Not Installed Agent UIM,BCP,bcpnstoresinpapp1,2026-07-02 16:59:42 WIB,SIN,2019 (BCP 7),NSTORE,Rocky Linux 8.10,administrator,2,0,HP DL380 Gen10,2028,DONE,eHOP190928,Prod,2,Ex RNN (bcpnstorernnpapp2),NSTORE,Singaraja,YES,2026-07-02 16:59:42 WIB,2,30,100,0,0,37.0,Medium
DONE,DONE,Not Installed Agent UIM,BCP,bcpprobesinpapp1,2026-07-02 16:59:42 WIB,SIN,2019 (BCP 7),PROBE,Rocky Linux 8.10,administrator,2,100,HP DL380 Gen10,2028,DONE,eHOP190928,Prod,2,Ex RNN (bcpprobernnpapp2),PROBE,Singaraja,YES,2026-07-02 16:59:42 WIB,2,30,100,0,0,37.0,Medium
DONE,DONE,Not Installed Agent UIM,L3-R2-E13,bcpkafkasmgpapp1,2026-07-02 16:59:42 WIB,SMG,2023 (BCP 11),KAFKA,Rocky Linux 8.10,administrator,3,Unknown,HP DL380 GEN10,2028,DONE,4200035613,Prod,3,Unknown,KAFKA,Semarang,YES,2026-07-02 16:59:42 WIB,2,30,100,0,0,37.0,Medium
DONE,DONE,Not Installed Agent UIM,L3-R2-E12 (BCP EXP 2020),bcpnstoresmgpapp6,2026-07-02 16:59:42 WIB,SMG,2022 (BCP 10),NSTORE,Rocky Linux 8.10,administrator,3,0,HP DL380 Gen10,2027,DONE,4200029841,Prod,3,Unknown,NSTORE,Semarang,YES,2026-07-02 16:59:42 WIB,1,60,100,0,0,49.0,Medium
DONE,DONE,Not Installed Agent UIM,L3-R2-E12 (BCP EXP 2020),bcpprobesmgpapp6,2026-07-02 16:59:42 WIB,SMG,2022 (BCP 10),PROBE,Rocky Linux 8.10,administrator,3,100,HP DL380 Gen10,2027,DONE,4200029841,Prod,3,Unknown,PROBE,Semarang,YES,2026-07-02 16:59:42 WIB,1,60,100,0,0,49.0,Medium
DONE,DONE,Not Installed Agent UIM,L3-R2-E12 (BCP EXP 2020),bcpnstoresmgpapp5,2026-07-02 16:59:42 WIB,SMG,2022 (BCP 10),NSTORE,Rocky Linux 8.10,administrator,3,0,HP DL380 Gen10,2027,DONE,4200029841,Prod,3,Unknown,NSTORE,Semarang,YES,2026-07-02 16:59:42 WIB,1,60,100,0,0,49.0,Medium
DONE,DONE,Not Installed Agent UIM,L3-R2-E12 (BCP EXP 2020),bcpprobesmgpapp5,2026-07-02 16:59:42 WIB,SMG,2022 (BCP 10),PROBE,Rocky Linux 8.10,administrator,3,100,HP DL380 Gen10,2027,DONE,4200029841,Prod,3,Unknown,PROBE,Semarang,YES,2026-07-02 16:59:42 WIB,1,60,100,0,0,49.0,Medium
DONE,DONE,Not Installed Agent UIM,L3-R2-E12 (BCP EXP 2020),bcpnstoresmgpapp4,2026-07-02 16:59:42 WIB,SMG,2021 (BCP 9),NSTORE,Rocky Linux 8.10,administrator,3,0,HP DL380 Gen10,2027,DONE,4200024997,Prod,3,Unknown,NSTORE,Semarang,YES,2026-07-02 16:59:42 WIB,1,60,100,0,0,49.0,Medium
DONE,DONE,Not Installed Agent UIM,L3-R2-E12 (BCP EXP 2020),bcpprobesmgpapp4,2026-07-02 16:59:42 WIB,SMG,2021 (BCP 9),PROBE,Rocky Linux 8.10,administrator,3,100,HP DL380 Gen10,2027,DONE,4200024997,Prod,3,Unknown,PROBE,Semarang,YES,2026-07-02 16:59:42 WIB,1,60,100,0,0,49.0,Medium
DONE,DONE,Not Installed Agent UIM,L3-R2-E12 (BCP EXP 2020),bcpnstoresmgpapp3,2026-07-02 16:59:42 WIB,SMG,2020 (BCP 8),NSTORE,Rocky Linux 8.10,administrator,3,0,HP DL380 Gen10,2028,DONE,4200004298,Prod,3,Unknown,NSTORE,Semarang,YES,2026-07-02 16:59:42 WIB,2,30,100,0,0,37.0,Medium
DONE,DONE,Not Installed Agent UIM,L3-R2-E12 (BCP EXP 2020),bcpnstoresmgpapp2,2026-07-02 16:59:42 WIB,SMG,2020 (BCP 8),NSTORE,Rocky Linux 8.10,administrator,3,0,HP DL380 Gen10,2028,DONE,4200004298,Prod,3,Unknown,NSTORE,Semarang,YES,2026-07-02 16:59:42 WIB,2,30,100,0,0,37.0,Medium
DONE,DONE,Monitored UIM,L3-R2-E12 (BCP EXP 2020),bcpprobesmgpapp3,2026-07-02 16:59:42 WIB,SMG,2020 (BCP 8),PROBE,Rocky Linux 8.10,administrator,3,145,HP DL380 Gen10,2028,DONE,4200004298,Prod,3,Unknown,PROBE,Semarang,YES,2026-07-02 16:59:42 WIB,2,30,0,0,0,12.0,Low
DONE,DONE,Monitored UIM,L3-R2-E12 (BCP EXP 2020),bcpprobesmgpapp2,2026-07-02 16:59:42 WIB,SMG,2020 (BCP 8),PROBE,Rocky Linux 8.10,administrator,3,145,HP DL380 Gen10,2028,DONE,4200004298,Prod,3,Unknown,PROBE,Semarang,YES,2026-07-02 16:59:42 WIB,2,30,0,0,0,12.0,Low
DONE,DONE,Monitored UIM,0,bcpnstoresmdpapp2,2026-07-02 16:59:42 WIB,SMD,2023 (BCP 11),NSTORE,Rocky Linux 8.10,root,0,0,DELL PowerEdge R750,2028,DONE,4100004105,Prod,0,Unknown,NSTORE,Samarinda,YES,2026-07-02 16:59:42 WIB,2,30,0,0,0,12.0,Low
DONE,DONE,Monitored UIM,0,bcpprobesmdpapp2,2026-07-02 16:59:42 WIB,SMD,2023 (BCP 11),PROBE,Rocky Linux 8.10,root,0,145,DELL PowerEdge R750,2028,DONE,4100004105,Prod,0,Unknown,PROBE,Samarinda,YES,2026-07-02 16:59:42 WIB,2,30,0,0,0,12.0,Low
DONE,DONE,Monitored UIM,0,bcpnstorernnpapp4,2026-07-02 16:59:42 WIB,RNN,2023 (BCP 11),NSTORE,Rocky Linux 8.10,root,0,0,DELL PowerEdge R750,2028,DONE,4100004105,Prod,0,Unknown,NSTORE,Renon Bali,YES,2026-07-02 16:59:42 WIB,2,30,0,0,0,12.0,Low
DONE,DONE,Monitored UIM,0,bcpprobernnpapp4,2026-07-02 16:59:42 WIB,RNN,2023 (BCP 11),PROBE,Rocky Linux 8.10,root,0,145,DELL PowerEdge R750,2028,DONE,4100004105,Prod,0,Unknown,PROBE,Renon Bali,YES,2026-07-02 16:59:42 WIB,2,30,0,0,0,12.0,Low
DONE,DONE,Not Installed Agent UIM,Containment 2 ( C6 ),bcpkafkarnnpapp1,2026-07-02 16:59:42 WIB,RNN,2023 (BCP 11),KAFKA,Rocky Linux 8.10,administrator,3,Unknown,HP DL380 GEN10,2028,DONE,4200035613,Prod,3,Unknown,KAFKA,Renon Bali,YES,2026-07-02 16:59:42 WIB,2,30,100,0,0,37.0,Medium
DONE,DONE,Not Installed Agent UIM,FNA-DPS-01,bcpnstorernnpapp2,2026-07-02 16:59:42 WIB,RNN,2022 (BCP 10),NSTORE,Rocky Linux 8.10,administrator,2,0,HP DL380 Gen10,2027,DONE,4200029839,Prod,2,Unknown,NSTORE,Renon Bali,YES,2026-07-02 16:59:42 WIB,1,60,100,0,0,49.0,Medium
DONE,DONE,Not Installed Agent UIM,FNA-DPS-01,bcpprobernnpapp2,2026-07-02 16:59:42 WIB,RNN,2022 (BCP 10),PROBE,Rocky Linux 8.10,administrator,2,100,HP DL380 Gen10,2027,DONE,4200029839,Prod,2,Unknown,PROBE,Renon Bali,YES,2026-07-02 16:59:42 WIB,1,60,100,0,0,49.0,Medium
DONE,DONE,Monitored UIM,FNA-DPS-01,bcpnstorernnpapp1,2026-07-02 16:59:42 WIB,RNN,2019 (BCP 7),NSTORE,Rocky Linux 8.10,administrator,2,0,HP DL380 Gen10,2028,DONE,eHOP190928,Prod,2,Unknown,NSTORE,Renon Bali,YES,2026-07-02 16:59:42 WIB,2,30,0,0,0,12.0,Low
DONE,DONE,Monitored UIM,FNA-DPS-01,bcpprobernnpapp1,2026-07-02 16:59:42 WIB,RNN,2019 (BCP 7),PROBE,Rocky Linux 8.10,administrator,2,100,HP DL380 Gen10,2028,DONE,eHOP190928,Prod,2,Unknown,PROBE,Renon Bali,YES,2026-07-02 16:59:42 WIB,2,30,0,0,0,12.0,Low
DONE,Not Feasible,Not Available,FNA-DPS-01,bcpswitchrnnpapp2,2026-07-02 16:59:42 WIB,RNN,2019 (BCP 7),SWITCH,Unknown,Unknown,2,Unknown,Cisco 3850-48U,2028,Not Feasible,eHOP190928,Prod,2,Unknown,SWITCH,Renon Bali,YES,2026-07-02 16:59:42 WIB,2,30,100,100,100,72.0,High
DONE,Not Feasible,Not Available,FNA-DPS-01,bcpswitchrnnpapp1,2026-07-02 16:59:42 WIB,RNN,2019 (BCP 7),SWITCH,Unknown,Unknown,2,Unknown,Cisco 3850-48U,2028,Not Feasible,eHOP190928,Prod,2,Unknown,SWITCH,Renon Bali,YES,2026-07-02 16:59:42 WIB,2,30,100,100,100,72.0,High
DONE,Not Feasible,Not Available,FNA-DPS-01,bcpafs40grnnpapp1,2026-07-02 16:59:42 WIB,RNN,2019 (BCP 7),AGG,Unknown,Unknown,2,Unknown,Garland,2028,Not Feasible,eHOP190928,Prod,2,Unknown,AGG,Renon Bali,YES,2026-07-02 16:59:42 WIB,2,30,100,100,100,72.0,High
DONE,DONE,Monitored UIM,0,bcpprobeptkpapp3,2026-07-02 16:59:42 WIB,PTK,2023 (BCP 11),PROBE,Rocky Linux 8.10,root,0,60,DELL PowerEdge R750,2028,DONE,4100004105,Prod,0,Unknown,PROBE,Pontianak,YES,2026-07-02 16:59:42 WIB,2,30,0,0,0,12.0,Low
DONE,DONE,Monitored UIM,BCP,bcpnstoreptkpapp2,2026-07-02 16:59:42 WIB,PTK,2020 (BCP 8),NSTORE,Rocky Linux 8.10,administrator,2,0,HP DL380 Gen10,2028,DONE,4200004301,Prod,2,Unknown,NSTORE,Pontianak,YES,2026-07-02 16:59:42 WIB,2,30,0,0,0,12.0,Low
DONE,DONE,Monitored UIM,BCP,bcpprobeptkpapp2,2026-07-02 16:59:42 WIB,PTK,2020 (BCP 8),PROBE,Rocky Linux 8.10,administrator,2,145,HP DL380 Gen10,2028,DONE,4200004301,Prod,2,Unknown,PROBE,Pontianak,YES,2026-07-02 16:59:42 WIB,2,30,0,0,0,12.0,Low
DONE,DONE,Monitored UIM,0,bcpprobemkspapp11,2026-07-02 16:59:42 WIB,MKS,2023 (BCP 11),PROBE,Rocky Linux 8.10,root,0,60,DELL PowerEdge R750,2028,DONE,4100004105,Prod,0,Unknown,PROBE,Pengayoman,YES,2026-07-02 16:59:42 WIB,2,30,0,0,0,12.0,Low
DONE,DONE,Not Installed Agent UIM,BCP3,bcpnstoremkspapp10,2026-07-02 16:59:42 WIB,MKS,2021 (BCP 9),NSTORE,Rocky Linux 8.10,administrator,2,0,HP DL380 Gen10,2027,DONE,Unknown,Prod,2,ex PLG (bcpnstoreplgpapp2),NSTORE,Pengayoman,YES,2026-07-02 16:59:42 WIB,1,60,100,0,0,49.0,Medium
DONE,DONE,Not Installed Agent UIM,BCP3,bcpprobemkspapp10,2026-07-02 16:59:42 WIB,MKS,Unknown,PROBE,Rocky Linux 8.10,administrator,2,100,HP DL380 Gen10,2027,DONE,4200029834,Prod,2,ex PLG (bcpprobeplgpapp2),PROBE,Pengayoman,YES,2026-07-02 16:59:42 WIB,1,60,100,0,0,49.0,Medium
DONE,DONE,Not Installed Agent UIM,BCP3,bcpnstoremkspapp9,2026-07-02 16:59:42 WIB,MKS,2018 (BCP 6),NSTORE,Rocky Linux 8.10,administrator,2,0,HP DL380 GEN10,2027,DONE,4200029834,Prod,2,ex SDG (bcpnstoresdgsapp1),NSTORE,Pengayoman,YES,2026-07-02 16:59:42 WIB,1,60,100,0,0,49.0,Medium
DONE,DONE,Not Installed Agent UIM,BCP3,bcpprobemkspapp9,2026-07-02 16:59:42 WIB,MKS,2016 (BCP 4),PROBE,Rocky Linux 8.10,administrator,2,100,HP DL380 GEN9,2027,DONE,4200029834,Prod,2,ex SDG (bcpprobesdgsapp1),PROBE,Pengayoman,YES,2026-07-02 16:59:42 WIB,1,60,100,0,0,49.0,Medium
DONE,DONE,Monitored UIM,BCP3,bcpnstoremkspapp8,2026-07-02 16:59:42 WIB,MKS,2020 (BCP 8),NSTORE,Rocky Linux 8.10,administrator,2,0,HP DL380 Gen10,2028,DONE,4200004300,Prod,2,Unknown,NSTORE,Pengayoman,YES,2026-07-02 16:59:42 WIB,2,30,0,0,0,12.0,Low
DONE,DONE,Monitored UIM,BCP3,bcpprobemkspapp8,2026-07-02 16:59:42 WIB,MKS,2020 (BCP 8),PROBE,Rocky Linux 8.10,administrator,2,145,HP DL380 Gen10,2028,DONE,4200004300,Prod,2,Unknown,PROBE,Pengayoman,YES,2026-07-02 16:59:42 WIB,2,30,0,0,0,12.0,Low
DONE,DONE,Monitored UIM,BCP3,bcpnstoremkspapp7,2026-07-02 16:59:42 WIB,MKS,2020 (BCP 8),NSTORE,Rocky Linux 8.10,administrator,2,0,HP DL380 Gen10,2028,DONE,4200004300,Prod,2,Unknown,NSTORE,Pengayoman,YES,2026-07-02 16:59:42 WIB,2,30,0,0,0,12.0,Low
DONE,DONE,Monitored UIM,BCP3,bcpprobemkspapp7,2026-07-02 16:59:42 WIB,MKS,2020 (BCP 8),PROBE,Rocky Linux 8.10,administrator,2,145,HP DL380 Gen10,2028,DONE,4200004300,Prod,2,Unknown,PROBE,Pengayoman,YES,2026-07-02 16:59:42 WIB,2,30,0,0,0,12.0,Low
DONE,DONE,Monitored UIM,3.A21,bcpnstorepmspapp4,2026-07-02 16:59:42 WIB,PMS,2023 (BCP 11),NSTORE,Rocky Linux 8.10,root,3,0,DELL PowerEdge R750,2028,DONE,4100004105,Prod,3,Unknown,NSTORE,Pematang Siantar,YES,2026-07-02 16:59:42 WIB,2,30,0,0,0,12.0,Low
DONE,DONE,Monitored UIM,3.A21,bcpprobepmspapp4,2026-07-02 16:59:42 WIB,PMS,2023 (BCP 11),PROBE,Rocky Linux 8.10,root,3,145,DELL PowerEdge R750,2028,DONE,4100004105,Prod,3,Unknown,PROBE,Pematang Siantar,YES,2026-07-02 16:59:42 WIB,2,30,0,0,0,12.0,Low
DONE,DONE,Monitored UIM,3.A21,bcpnstorepmspapp3,2026-07-02 16:59:42 WIB,PMS,2023 (BCP 11),NSTORE,Rocky Linux 8.10,root,3,0,DELL PowerEdge R750,2028,DONE,4100004105,Prod,3,Unknown,NSTORE,Pematang Siantar,YES,2026-07-02 16:59:42 WIB,2,30,0,0,0,12.0,Low
DONE,DONE,Monitored UIM,3.A21,bcpprobepmspapp3,2026-07-02 16:59:42 WIB,PMS,2023 (BCP 11),PROBE,Rocky Linux 8.10,root,3,145,DELL PowerEdge R750,2028,DONE,4100004105,Prod,3,Unknown,PROBE,Pematang Siantar,YES,2026-07-02 16:59:42 WIB,2,30,0,0,0,12.0,Low
DONE,DONE,Monitored UIM,3.A21,bcpnstorepmspapp2,2026-07-02 16:59:42 WIB,PMS,2023 (BCP 11),NSTORE,Rocky Linux 8.10,root,3,0,DELL PowerEdge R750,2028,DONE,4100004105,Prod,3,Unknown,NSTORE,Pematang Siantar,YES,2026-07-02 16:59:42 WIB,2,30,0,0,0,12.0,Low
DONE,DONE,Monitored UIM,3.A21,bcpprobepmspapp2,2026-07-02 16:59:42 WIB,PMS,2023 (BCP 11),PROBE,Rocky Linux 8.10,root,3,145,DELL PowerEdge R750,2028,DONE,4100004105,Prod,3,Unknown,PROBE,Pematang Siantar,YES,2026-07-02 16:59:42 WIB,2,30,0,0,0,12.0,Low
DONE,DONE,Not Installed Agent UIM,3.D21,bcpnstorepmspapp1,2026-07-02 16:59:42 WIB,PMS,2020 (BCP 8),NSTORE,Rocky Linux 8.10,administrator,3,0,HP DL380 GEN10,2028,DONE,4200004300,Prod,3,Ex AHZ (bcpprobeahzpapp3),NSTORE,Pematang Siantar,YES,2026-07-02 16:59:42 WIB,2,30,100,0,0,37.0,Medium
DONE,DONE,Monitored UIM,3.D21,bcpprobepmspapp1,2026-07-02 16:59:42 WIB,PMS,2020 (BCP 8),PROBE,Rocky Linux 8.10,administrator,3,145,HP DL380 GEN10,2028,DONE,4200004300,Prod,3,Ex AHZ (bcpprobeahzpapp3),PROBE,Pematang Siantar,YES,2026-07-02 16:59:42 WIB,2,30,0,0,0,12.0,Low
DONE,DONE,Monitored UIM,0,bcpnstorepnkpapp2,2026-07-02 16:59:42 WIB,PNK,2023 (BCP 11),NSTORE,Rocky Linux 8.10,root,0,0,DELL PowerEdge R750,2028,DONE,4100004105,Prod,0,Unknown,NSTORE,Paniki,YES,2026-07-02 16:59:42 WIB,2,30,0,0,0,12.0,Low
DONE,DONE,Monitored UIM,0,bcpprobepnkpapp2,2026-07-02 16:59:42 WIB,PNK,2023 (BCP 11),PROBE,Rocky Linux 8.10,root,0,145,DELL PowerEdge R750,2028,DONE,4100004105,Prod,0,Unknown,PROBE,Paniki,YES,2026-07-02 16:59:42 WIB,2,30,0,0,0,12.0,Low
DONE,DONE,Not Installed Agent UIM,0,bcpnstorepalpapp1,2026-07-02 16:59:42 WIB,PAL,2018 (BCP 6),NSTORE,Rocky Linux 8.10,administrator,0,0,HP DL380 Gen10,2028,DONE,eHOP180722,Prod,0,Unknown,NSTORE,Palu,YES,2026-07-02 16:59:42 WIB,2,30,100,0,0,37.0,Medium
DONE,DONE,Not Installed Agent UIM,0,bcpprobepalpapp1,2026-07-02 16:59:42 WIB,PAL,2022 (BCP 10),PROBE,Rocky Linux 8.10,administrator,0,100,HP DL380 Gen10,2027,DONE,4200029839,Prod,0,EX MAUMERE,PROBE,Palu,YES,2026-07-02 16:59:42 WIB,1,60,100,0,0,49.0,Medium
DONE,DONE,Monitored UIM,BCP,bcpprobeplkpapp2,2026-07-02 16:59:42 WIB,PLK,Unknown,PROBE,Unknown,root,0,145,DELL PowerEdge R750,2026,DONE,Unknown,Unknown,0,NEW EXPAND 2025,PROBE,Palangkaraya,NO,2026-07-02 16:59:42 WIB,0,100,0,0,0,40.0,Medium
DONE,DONE,Monitored UIM,0,bcpnstoreplkpapp1,2026-07-02 16:59:42 WIB,PLK,2023 (BCP 11),NSTORE,Rocky Linux 8.10,root,0,0,DELL PowerEdge R750,2028,DONE,4100004105,Prod,0,Unknown,NSTORE,Palangkaraya,YES,2026-07-02 16:59:42 WIB,2,30,0,0,0,12.0,Low
DONE,DONE,Monitored UIM,0,bcpprobeplkpapp1,2026-07-02 16:59:42 WIB,PLK,2023 (BCP 11),PROBE,Rocky Linux 8.10,root,0,145,DELL PowerEdge R750,2028,DONE,4100004105,Prod,0,Unknown,PROBE,Palangkaraya,YES,2026-07-02 16:59:42 WIB,2,30,0,0,0,12.0,Low
DONE,Not Feasible,Not Available,0,bcpswitchpdgpapp2,2026-07-02 16:59:42 WIB,PDG,2023 (BCP 11),SWITCH,Unknown,Unknown,0,Unknown,Cisco Catalyst  9300 48 Port,2028,Not Feasible,4100004105,Prod,0,Unknown,SWITCH,Padang,YES,2026-07-02 16:59:42 WIB,2,30,100,100,100,72.0,High
DONE,Not Feasible,Not Available,0,bcpswitchpdgpapp1,2026-07-02 16:59:42 WIB,PDG,2023 (BCP 11),SWITCH,Unknown,Unknown,0,Unknown,Cisco Catalyst  9300 48 Port,2028,Not Feasible,4100004105,Prod,0,Unknown,SWITCH,Padang,YES,2026-07-02 16:59:42 WIB,2,30,100,100,100,72.0,High
DONE,DONE,Monitored UIM,0,bcpnstorepdgpapp1,2026-07-02 16:59:42 WIB,PDG,2023 (BCP 11),NSTORE,Rocky Linux 8.10,root,0,0,DELL PowerEdge R750,2028,DONE,4100004105,Prod,0,Unknown,NSTORE,Padang,YES,2026-07-02 16:59:42 WIB,2,30,0,0,0,12.0,Low
DONE,DONE,Monitored UIM,0,bcpprobepdgpapp1,2026-07-02 16:59:42 WIB,PDG,2023 (BCP 11),PROBE,Rocky Linux 8.10,root,0,145,DELL PowerEdge R750,2028,DONE,4100004105,Prod,0,Unknown,PROBE,Padang,YES,2026-07-02 16:59:42 WIB,2,30,0,0,0,12.0,Low
DONE,DONE,Monitored UIM,0,bcpprobemmrpapp2,2026-07-02 16:59:42 WIB,MMR,2023 (BCP 11),PROBE,Rocky Linux 8.10,root,0,60,DELL PowerEdge R750,2028,DONE,4100004105,Prod,0,Unknown,PROBE,Maumere,YES,2026-07-02 16:59:42 WIB,2,30,0,0,0,12.0,Low
DONE,DONE,Not Installed Agent UIM,BCP,bcpnstoremmrpapp1,2026-07-02 16:59:42 WIB,MMR,2022 (BCP 10),NSTORE,Rocky Linux 8.10,administrator,1,0,HP DL380 Gen10,2027,DONE,4200029839,Prod,1,Unknown,NSTORE,Maumere,YES,2026-07-02 16:59:42 WIB,1,60,100,0,0,49.0,Medium
DONE,DONE,Monitored UIM,BCP,bcpprobemmrpapp1,2026-07-02 16:59:42 WIB,MMR,Unknown,PROBE,Unknown,administrator,1,145,HP DL380 Gen10,2028,DONE,Unknown,Unknown,1,reloc to bcpprobepalpapp1,PROBE,Maumere,,2026-07-02 16:59:42 WIB,2,30,0,0,0,12.0,Low
DONE,Not Feasible,Not Available,BCP,bcpswitchmmrpapp2,2026-07-02 16:59:42 WIB,MMR,2023 (BCP 11),SWITCH,Unknown,Unknown,1,Unknown,Cisco 3850-48U,2028,Not Feasible,4100004105,Prod,1,Unknown,SWITCH,Maumere,YES,2026-07-02 16:59:42 WIB,2,30,100,100,100,72.0,High
DONE,Not Feasible,Not Available,BCP,bcpswitchmmrpapp1,2026-07-02 16:59:42 WIB,MMR,2023 (BCP 11),SWITCH,Unknown,Unknown,1,Unknown,Cisco 3850-48U,2028,Not Feasible,4100004105,Prod,1,Unknown,SWITCH,Maumere,YES,2026-07-02 16:59:42 WIB,2,30,100,100,100,72.0,High
DONE,DONE,Not Installed Agent UIM,BCP,bcpnstoremlgpapp3,2026-07-02 16:59:42 WIB,MLG,2022 (BCP 10),NSTORE,Rocky Linux 8.10,administrator,3,0,HP DL380 GEN9,2027,DONE,4200029836,Prod,3,ex GYG (bcpnstoresbysapp1),NSTORE,Malang,YES,2026-07-02 16:59:42 WIB,1,60,100,0,0,49.0,Medium
DONE,DONE,Not Installed Agent UIM,BCP,bcpprobemlgpapp3,2026-07-02 16:59:42 WIB,MLG,Unknown,PROBE,Rocky Linux 8.10,administrator,3,100,HP DL380 GEN9,2027,DONE,4200029836,Prod,3,ex GYG (bcpprobesbysapp1),PROBE,Malang,YES,2026-07-02 16:59:42 WIB,1,60,100,0,0,49.0,Medium
DONE,DONE,Not Installed Agent UIM,BCP,bcpnstoremlgpapp2,2026-07-02 16:59:42 WIB,MLG,2022 (BCP 10),NSTORE,Rocky Linux 8.10,administrator,3,0,HP DL380 GEN9,2027,DONE,4200029836,Prod,3,ex HRM (bcpnstorehrmsapp1),NSTORE,Malang,YES,2026-07-02 16:59:42 WIB,1,60,100,0,0,49.0,Medium
DONE,DONE,Not Installed Agent UIM,BCP,bcpprobemlgpapp2,2026-07-02 16:59:42 WIB,MLG,2016 (BCP 4),PROBE,Rocky Linux 8.10,administrator,3,100,HP DL380 GEN9,2027,DONE,4200029836,Prod,3,ex HRM (bcpprobehrmsapp1),PROBE,Malang,YES,2026-07-02 16:59:42 WIB,1,60,100,0,0,49.0,Medium
DONE,DONE,Not Installed Agent UIM,0,bcpprobelpgpapp4,2026-07-02 16:59:42 WIB,LPG,2023 (BCP 11),PROBE,Rocky Linux 8.10,root,0,60,DELL PowerEdge R750,2028,DONE,4100004105,Prod,0,Unknown,PROBE,Lampung,YES,2026-07-02 16:59:42 WIB,2,30,100,0,0,37.0,Medium
DONE,DONE,Monitored UIM,0,bcpnstorelpgpapp3,2026-07-02 16:59:42 WIB,LPG,2023 (BCP 11),NSTORE,Rocky Linux 8.10,root,0,0,DELL PowerEdge R750,2028,DONE,4100004105,Prod,0,Unknown,NSTORE,Lampung,YES,2026-07-02 16:59:42 WIB,2,30,0,0,0,12.0,Low
DONE,DONE,Monitored UIM,0,bcpprobelpgpapp3,2026-07-02 16:59:42 WIB,LPG,2023 (BCP 11),PROBE,Rocky Linux 8.10,root,0,145,DELL PowerEdge R750,2028,DONE,4100004105,Prod,0,Unknown,PROBE,Lampung,YES,2026-07-02 16:59:42 WIB,2,30,0,0,0,12.0,Low
DONE,DONE,Monitored UIM,0,bcpnstorelpgpapp2,2026-07-02 16:59:42 WIB,LPG,2023 (BCP 11),NSTORE,Rocky Linux 8.10,root,0,0,DELL PowerEdge R750,2028,DONE,4100004105,Prod,0,Unknown,NSTORE,Lampung,YES,2026-07-02 16:59:42 WIB,2,30,0,0,0,12.0,Low
DONE,DONE,Monitored UIM,0,bcpprobelpgpapp2,2026-07-02 16:59:42 WIB,LPG,2023 (BCP 11),PROBE,Rocky Linux 8.10,root,0,145,DELL PowerEdge R750,2028,DONE,4100004105,Prod,0,Unknown,PROBE,Lampung,YES,2026-07-02 16:59:42 WIB,2,30,0,0,0,12.0,Low
DONE,DONE,Monitored UIM,0,bcpnstorekpgpapp1,2026-07-02 16:59:42 WIB,KPG,2023 (BCP 11),NSTORE,Rocky Linux 8.10,root,0,0,DELL PowerEdge R750,2028,DONE,4100004105,Prod,0,Unknown,NSTORE,Kupang,YES,2026-07-02 16:59:42 WIB,2,30,0,0,0,12.0,Low
DONE,DONE,Monitored UIM,0,bcpprobekpgpapp1,2026-07-02 16:59:42 WIB,KPG,2023 (BCP 11),PROBE,Rocky Linux 8.10,root,0,145,DELL PowerEdge R750,2028,DONE,4100004105,Prod,0,Unknown,PROBE,Kupang,YES,2026-07-02 16:59:42 WIB,2,30,0,0,0,12.0,Low
DONE,DONE,Monitored UIM,P 9,bcpnstorekngpapp5,2026-07-02 16:59:42 WIB,KNG,2023 (BCP 11),NSTORE,Rocky Linux 8.10,administrator,2,0,DELL PowerEdge R750,2028,DONE,4100004105,Prod,2,Unknown,NSTORE,Kenanga,YES,2026-07-02 16:59:42 WIB,2,30,0,0,0,12.0,Low
DONE,DONE,Monitored UIM,P 9,bcpnstorekngpapp4,2026-07-02 16:59:42 WIB,KNG,2020 (BCP 8),NSTORE,Rocky Linux 8.10,administrator,2,0,HP DL380 GEN10,2028,DONE,4200004288,Prod,2,Unknown,NSTORE,Kenanga,YES,2026-07-02 16:59:42 WIB,2,30,0,0,0,12.0,Low
DONE,DONE,Agent UIM Inactive,P 9,bcpnstorekngpapp3,2026-07-02 16:59:42 WIB,KNG,2018 (BCP 6),NSTORE,Unknown,administrator,2,0,HP DL380 GEN10,2028,DONE,eHOP180722,Unknown,2,reloc fr bcpnstorekngpapp5,NSTORE,Kenanga,,2026-07-02 16:59:42 WIB,2,30,70,0,0,29.5,Low
DONE,DONE,Monitored UIM,P 9,bcpnstorekngpapp1,2026-07-02 16:59:42 WIB,KNG,2020 (BCP 8),NSTORE,Rocky Linux 8.10,administrator,2,0,HP DL380 GEN10,2028,DONE,4200004288,Prod,2,Unknown,NSTORE,Kenanga,YES,2026-07-02 16:59:42 WIB,2,30,0,0,0,12.0,Low
DONE,DONE,Monitored UIM,P 9,bcpprobekngpapp5,2026-07-02 16:59:42 WIB,KNG,2020 (BCP 8),PROBE,Rocky Linux 8.10,administrator,2,145,HP DL380 GEN10,2028,DONE,4200004288,Prod,2,Unknown,PROBE,Kenanga,YES,2026-07-02 16:59:42 WIB,2,30,0,0,0,12.0,Low
DONE,DONE,Monitored UIM,P 9,bcpprobekngpapp4,2026-07-02 16:59:42 WIB,KNG,2020 (BCP 8),PROBE,Rocky Linux 8.10,administrator,2,145,HP DL380 GEN10,2028,DONE,4200004288,Prod,2,Unknown,PROBE,Kenanga,YES,2026-07-02 16:59:42 WIB,2,30,0,0,0,12.0,Low
DONE,DONE,Monitored UIM,P 9,bcpprobekngpapp1,2026-07-02 16:59:42 WIB,KNG,2020 (BCP 8),PROBE,Rocky Linux 8.10,administrator,2,145,HP DL380 GEN10,2028,DONE,4200004288,Prod,2,Unknown,PROBE,Kenanga,YES,2026-07-02 16:59:42 WIB,2,30,0,0,0,12.0,Low
DONE,DONE,Monitored UIM,I 20,bcpprobekngpapp3,2026-07-02 16:59:42 WIB,KNG,Unknown,PROBE,Rocky Linux 8.10,administrator,2,100,HP DL380 GEN9,2027,DONE,Unknown,Prod,2,Unknown,PROBE,Kenanga,YES,2026-07-02 16:59:42 WIB,1,60,0,0,0,24.0,Low
DONE,DONE,Monitored UIM,0,bcpprobejprpapp4,2026-07-02 16:59:42 WIB,JPR,2023 (BCP 11),PROBE,Rocky Linux 8.10,root,0,60,DELL PowerEdge R750,2028,DONE,4100004105,Prod,0,Unknown,PROBE,Jayapura,YES,2026-07-02 16:59:42 WIB,2,30,0,0,0,12.0,Low
DONE,DONE,Not Installed Agent UIM,BCP,bcpprobejprpapp3,2026-07-02 16:59:42 WIB,JPR,2021 (BCP 9),PROBE,Rocky Linux 8.10,administrator,2,40,HP DL380 GEN10,2027,DONE,4200029838,Prod,2,ex BPP (bcpprobebpppapp3),PROBE,Jayapura,YES,2026-07-02 16:59:42 WIB,1,60,100,0,0,49.0,Medium
DONE,DONE,Monitored UIM,0,bcpprobejmbpapp3,2026-07-02 16:59:42 WIB,JMB,2023 (BCP 11),PROBE,Rocky Linux 8.10,root,0,60,DELL PowerEdge R750,2028,DONE,4100004105,Prod,0,Unknown,PROBE,Jambi,YES,2026-07-02 16:59:42 WIB,2,30,0,0,0,12.0,Low
DONE,DONE,Monitored UIM,0,bcpnstorejmbpapp2,2026-07-02 16:59:42 WIB,JMB,2023 (BCP 11),NSTORE,Rocky Linux 8.10,root,0,0,DELL PowerEdge R750,2028,DONE,4100004105,Prod,0,Unknown,NSTORE,Jambi,YES,2026-07-02 16:59:42 WIB,2,30,0,0,0,12.0,Low
DONE,DONE,Monitored UIM,0,bcpprobejmbpapp2,2026-07-02 16:59:42 WIB,JMB,2023 (BCP 11),PROBE,Rocky Linux 8.10,root,0,145,DELL PowerEdge R750,2028,DONE,4100004105,Prod,0,Unknown,PROBE,Jambi,YES,2026-07-02 16:59:42 WIB,2,30,0,0,0,12.0,Low
DONE,DONE,Monitored UIM,0,bcpnstorejmbpapp1,2026-07-02 16:59:42 WIB,JMB,2023 (BCP 11),NSTORE,Rocky Linux 8.10,root,0,0,DELL PowerEdge R750,2028,DONE,4100004105,Prod,0,Unknown,NSTORE,Jambi,YES,2026-07-02 16:59:42 WIB,2,30,0,0,0,12.0,Low
DONE,DONE,Monitored UIM,0,bcpprobejmbpapp1,2026-07-02 16:59:42 WIB,JMB,2023 (BCP 11),PROBE,Rocky Linux 8.10,root,0,145,DELL PowerEdge R750,2028,DONE,4100004105,Prod,0,Unknown,PROBE,Jambi,YES,2026-07-02 16:59:42 WIB,2,30,0,0,0,12.0,Low
DONE,DONE,Not Installed Agent UIM,J 15,bcpkafkahrmpapp1,2026-07-02 16:59:42 WIB,HRM,2023 (BCP 11),KAFKA,Rocky Linux 8.10,administrator,7,Unknown,HP DL380 GEN10,2028,DONE,4200035613,Prod,7,Unknown,KAFKA,HR Muhammad,YES,2026-07-02 16:59:42 WIB,2,30,100,0,0,37.0,Medium
DONE,DONE,Not Installed Agent UIM,J 15,bcpnstorehrmpapp9,2026-07-02 16:59:42 WIB,HRM,2021 (BCP 9),NSTORE,Rocky Linux 8.10,administrator,7,0,HP DL380 GEN10,2027,DONE,4200021588,Prod,7,Unknown,NSTORE,HR Muhammad,YES,2026-07-02 16:59:42 WIB,1,60,100,0,0,49.0,Medium
DONE,DONE,Not Installed Agent UIM,J 15,bcpprobehrmpapp9,2026-07-02 16:59:42 WIB,HRM,2021 (BCP 9),PROBE,Rocky Linux 8.10,administrator,7,100,HP DL380 GEN10,2027,DONE,4200021588,Prod,7,Unknown,PROBE,HR Muhammad,YES,2026-07-02 16:59:42 WIB,1,60,100,0,0,49.0,Medium
DONE,DONE,Monitored UIM,F 12,bcpnstorehrmpapp8,2026-07-02 16:59:42 WIB,HRM,2020 (BCP 8),NSTORE,Rocky Linux 8.10,administrator,7,0,HP DL380 GEN10,2028,DONE,4200004296,Prod,7,Unknown,NSTORE,HR Muhammad,YES,2026-07-02 16:59:42 WIB,2,30,0,0,0,12.0,Low
DONE,DONE,Not Installed Agent UIM,F 12,bcpprobehrmpapp8,2026-07-02 16:59:42 WIB,HRM,2020 (BCP 8),PROBE,Rocky Linux 8.10,administrator,7,145,HP DL380 GEN10,2028,DONE,4200004296,Prod,7,Unknown,PROBE,HR Muhammad,YES,2026-07-02 16:59:42 WIB,2,30,100,0,0,37.0,Medium
DONE,DONE,Monitored UIM,F 12,bcpprobehrmpapp7,2026-07-02 16:59:42 WIB,HRM,2019 (BCP 7),PROBE,Rocky Linux 8.10,administrator,7,40,HP DL380 GEN10,2028,DONE,eHOP190928,Prod,7,Unknown,PROBE,HR Muhammad,YES,2026-07-02 16:59:42 WIB,2,30,0,0,0,12.0,Low
DONE,DONE,Monitored UIM,F 4,bcpprobehrmpapp2,2026-07-02 16:59:42 WIB,HRM,2017 (BCP 5),PROBE,Rocky Linux 8.10,administrator,7,100,HP DL380 GEN9,2026,DONE,HOP170051,Prod,7,Unknown,PROBE,HR Muhammad,YES,2026-07-02 16:59:42 WIB,0,100,0,0,0,40.0,Medium
DONE,DONE,Monitored UIM,F 4,bcpprobehrmpapp3,2026-07-02 16:59:42 WIB,HRM,2017 (BCP 5),PROBE,Rocky Linux 8.10,administrator,7,100,HP DL380 GEN9,2026,DONE,HOP170051,Prod,7,Unknown,PROBE,HR Muhammad,YES,2026-07-02 16:59:42 WIB,0,100,0,0,0,40.0,Medium
DONE,DONE,Monitored UIM,F 4,bcpprobehrmpapp1,2026-07-02 16:59:42 WIB,HRM,2016 (BCP 4),PROBE,Rocky Linux 8.10,administrator,7,100,HP DL380 GEN9,2026,DONE,HOP160072,Prod,7,Unknown,PROBE,HR Muhammad,YES,2026-07-02 16:59:42 WIB,0,100,0,0,0,40.0,Medium
DONE,DONE,Agent UIM Inactive,F 4,bcpnstorehrmpapp2,2026-07-02 16:59:42 WIB,HRM,2017 (BCP 5),NSTORE,Rocky Linux 8.10,administrator,7,0,HP DL380 GEN9,2026,DONE,HOP170051,Prod,7,Unknown,NSTORE,HR Muhammad,YES,2026-07-02 16:59:42 WIB,0,100,70,0,0,57.5,Medium
DONE,DONE,Monitored UIM,F 4,bcpnstorehrmpapp1,2026-07-02 16:59:42 WIB,HRM,2017 (BCP 5),NSTORE,Rocky Linux 8.10,administrator,7,0,HP DL380 GEN9,2026,DONE,HOP170051,Prod,7,Unknown,NSTORE,HR Muhammad,YES,2026-07-02 16:59:42 WIB,0,100,0,0,0,40.0,Medium
DONE,DONE,Agent UIM Inactive,F 4,bcpnstorehrmpapp3,2026-07-02 16:59:42 WIB,HRM,2018 (BCP 6),NSTORE,Rocky Linux 8.10,administrator,7,0,HP DL380 GEN10,2028,DONE,eHOP180722,Prod,7,Unknown,NSTORE,HR Muhammad,YES,2026-07-02 16:59:42 WIB,2,30,70,0,0,29.5,Low
DONE,Not Feasible,Not Available,VSS,bcpswitchhrmpapp2,2026-07-02 16:59:42 WIB,HRM,2016 (BCP 4),SWITCH,Unknown,Unknown,7,Unknown,Switch Quanta 1G LB9,2026,Not Feasible,HOP160072,Prod,7,Unknown,SWITCH,HR Muhammad,YES,2026-07-02 16:59:42 WIB,0,100,100,100,100,100.0,High
DONE,Not Feasible,Not Available,VSS,bcpswitchhrmpapp1,2026-07-02 16:59:42 WIB,HRM,2016 (BCP 4),SWITCH,Unknown,Unknown,7,Unknown,Switch Quanta 1G LB9,2026,Not Feasible,HOP160072,Prod,7,Unknown,SWITCH,HR Muhammad,YES,2026-07-02 16:59:42 WIB,0,100,100,100,100,100.0,High
DONE,DONE,Not Installed Agent UIM,H 12,bcpprobesbypapp10,2026-07-02 16:59:42 WIB,SBY,2021 (BCP 9),PROBE,Rocky Linux 8.10,administrator,6,40,HP DL380 GEN10,2027,DONE,4200021588,Prod,6,Unknown,PROBE,Gayungan,YES,2026-07-02 16:59:42 WIB,1,60,100,0,0,49.0,Medium
DONE,DONE,Not Installed Agent UIM,H 12,bcpnstoresbypapp9,2026-07-02 16:59:42 WIB,SBY,2021 (BCP 9),NSTORE,Rocky Linux 8.10,administrator,6,0,HP DL380 GEN10,2027,DONE,4200021588,Prod,6,Unknown,NSTORE,Gayungan,YES,2026-07-02 16:59:42 WIB,1,60,100,0,0,49.0,Medium
DONE,DONE,Not Installed Agent UIM,H 12,bcpprobesbypapp9,2026-07-02 16:59:42 WIB,SBY,2021 (BCP 9),PROBE,Rocky Linux 8.10,administrator,6,100,HP DL380 GEN10,2027,DONE,4200021588,Prod,6,Unknown,PROBE,Gayungan,YES,2026-07-02 16:59:42 WIB,1,60,100,0,0,49.0,Medium
DONE,DONE,Monitored UIM,H 12,bcpnstoresbypapp7,2026-07-02 16:59:42 WIB,SBY,2020 (BCP 8),NSTORE,Rocky Linux 8.10,administrator,6,0,HP DL380 GEN10,2028,DONE,4200004301,Prod,6,Unknown,NSTORE,Gayungan,YES,2026-07-02 16:59:42 WIB,2,30,0,0,0,12.0,Low
DONE,DONE,Monitored UIM,H 12,bcpprobesbypapp7,2026-07-02 16:59:42 WIB,SBY,2020 (BCP 8),PROBE,Rocky Linux 8.10,administrator,6,145,HP DL380 GEN10,2028,DONE,4200004296,Prod,6,Unknown,PROBE,Gayungan,YES,2026-07-02 16:59:42 WIB,2,30,0,0,0,12.0,Low
DONE,Not Feasible,Not Available,H 12,bcpswitchsbypapp4,2026-07-02 16:59:42 WIB,SBY,2020 (BCP 8),SWITCH,Unknown,Unknown,6,Unknown,Cisco 3900-48P,2028,Not Feasible,4200004296,Prod,6,Unknown,SWITCH,Gayungan,YES,2026-07-02 16:59:42 WIB,2,30,100,100,100,72.0,High
DONE,Not Feasible,Not Available,H 12,bcpswitchsbypapp3,2026-07-02 16:59:42 WIB,SBY,2020 (BCP 8),SWITCH,Unknown,Unknown,6,Unknown,Cisco 3900-48P,2028,Not Feasible,4200004296,Prod,6,stack ( New ),SWITCH,Gayungan,YES,2026-07-02 16:59:42 WIB,2,30,100,100,100,72.0,High
DONE,DONE,Not Installed Agent UIM,I 12,bcpkafkasbypapp1,2026-07-02 16:59:42 WIB,SBY,2023 (BCP 11),KAFKA,Rocky Linux 8.10,administrator,6,Unknown,HP DL380 GEN10,2028,DONE,4200035613,Prod,6,Unknown,KAFKA,Gayungan,YES,2026-07-02 16:59:42 WIB,2,30,100,0,0,37.0,Medium
DONE,DONE,Monitored UIM,I 12,bcpprobesbypapp1,2026-07-02 16:59:42 WIB,SBY,2017 (BCP 5),PROBE,Rocky Linux 8.10,administrator,6,100,HP DL380 GEN9,2026,DONE,HOP170051,Prod,6,Unknown,PROBE,Gayungan,YES,2026-07-02 16:59:42 WIB,0,100,0,0,0,40.0,Medium
DONE,DONE,Not Installed Agent UIM,I 12,bcpprobesbypapp2,2026-07-02 16:59:42 WIB,SBY,2017 (BCP 5),PROBE,Rocky Linux 8.10,administrator,6,100,HP DL380 GEN9,2026,DONE,HOP170051,Prod,6,Unknown,PROBE,Gayungan,YES,2026-07-02 16:59:42 WIB,0,100,100,0,0,65.0,Medium
DONE,DONE,Monitored UIM,I 12,bcpprobesbypapp3,2026-07-02 16:59:42 WIB,SBY,2017 (BCP 5),PROBE,Rocky Linux 8.10,administrator,6,100,HP DL380 GEN9,2026,DONE,HOP170051,Prod,6,Unknown,PROBE,Gayungan,YES,2026-07-02 16:59:42 WIB,0,100,0,0,0,40.0,Medium
DONE,DONE,Monitored UIM,I 12,bcpnstoresbypapp2,2026-07-02 16:59:42 WIB,SBY,2017 (BCP 5),NSTORE,Rocky Linux 8.10,administrator,6,0,HP DL380 GEN9,2026,DONE,HOP170051,Prod,6,Unknown,NSTORE,Gayungan,YES,2026-07-02 16:59:42 WIB,0,100,0,0,0,40.0,Medium
DONE,DONE,Monitored UIM,L 12,bcpnstoresbypapp3,2026-07-02 16:59:42 WIB,SBY,2018 (BCP 6),NSTORE,Rocky Linux 8.10,administrator,6,0,HP DL380 Gen10,2028,DONE,eHOP180722,Prod,6,Unknown,NSTORE,Gayungan,YES,2026-07-02 16:59:42 WIB,2,30,0,0,0,12.0,Low
DONE,DONE,Monitored UIM,L 12,bcpnstoresbypapp1,2026-07-02 16:59:42 WIB,SBY,2018 (BCP 6),NSTORE,Rocky Linux 8.10,administrator,6,0,HP DL380 Gen10,2028,DONE,eHOP180722,Prod,6,Unknown,NSTORE,Gayungan,YES,2026-07-02 16:59:42 WIB,2,30,0,0,0,12.0,Low
DONE,DONE,Not Installed Agent UIM,L 12,bcpnstoresbypapp6,2026-07-02 16:59:42 WIB,SBY,2016 (BCP 4),NSTORE,Rocky Linux 8.10,administrator,6,0,HP DL380 GEN9,2028,DONE,HOP160072,Prod,6,Ex TBS (bcpnstoretbssapp5),NSTORE,Gayungan,YES,2026-07-02 16:59:42 WIB,2,30,100,0,0,37.0,Medium
DONE,Not Feasible,Not Available,L 12,bcpswitchsbypapp2,2026-07-02 16:59:42 WIB,SBY,2016 (BCP 4),SWITCH,Unknown,Unknown,6,Unknown,Switch Quanta 1G LB9,2026,Not Feasible,HOP160072,Prod,6,Unknown,SWITCH,Gayungan,YES,2026-07-02 16:59:42 WIB,0,100,100,100,100,100.0,High
DONE,Not Feasible,Not Available,L 12,bcpswitchsbypapp1,2026-07-02 16:59:42 WIB,SBY,2016 (BCP 4),SWITCH,Unknown,Unknown,6,Unknown,Switch Quanta 1G LB9,2026,Not Feasible,HOP160072,Prod,6,Unknown,SWITCH,Gayungan,YES,2026-07-02 16:59:42 WIB,0,100,100,100,100,100.0,High
DONE,DONE,Monitored UIM,Containment 15,bcpnstoreplgpapp6,2026-07-02 16:59:42 WIB,PLG,2023 (BCP 11),NSTORE,Rocky Linux 8.10,root,3,145,DELL PowerEdge R750,2028,DONE,4100004105,Prod,3,Unknown,NSTORE,Demang Lebar Daun Palembang,YES,2026-07-02 16:59:42 WIB,2,30,0,0,0,12.0,Low
DONE,DONE,Monitored UIM,Containment 15,bcpprobeplgpapp6,2026-07-02 16:59:42 WIB,PLG,2023 (BCP 11),PROBE,Rocky Linux 8.10,root,3,145,DELL PowerEdge R750,2028,DONE,4100004105,Prod,3,Unknown,PROBE,Demang Lebar Daun Palembang,YES,2026-07-02 16:59:42 WIB,2,30,0,0,0,12.0,Low
DONE,DONE,Monitored UIM,BCP,bcpnstoreplgpapp5,2026-07-02 16:59:42 WIB,PLG,2020 (BCP 8),NSTORE,Rocky Linux 8.10,administrator,2,0,HP DL380 Gen10,2028,DONE,4200004292,Prod,2,Unknown,NSTORE,Demang Lebar Daun Palembang,YES,2026-07-02 16:59:42 WIB,2,30,0,0,0,12.0,Low
DONE,DONE,Monitored UIM,BCP,bcpprobeplgpapp5,2026-07-02 16:59:42 WIB,PLG,2020 (BCP 8),PROBE,Rocky Linux 8.10,administrator,3,145,HP DL380 Gen10,2028,DONE,4200004292,Prod,3,Unknown,PROBE,Demang Lebar Daun Palembang,YES,2026-07-02 16:59:42 WIB,2,30,0,0,0,12.0,Low
DONE,DONE,Monitored UIM,BCP,bcpnstoreplgpapp4,2026-07-02 16:59:42 WIB,PLG,2020 (BCP 8),NSTORE,Rocky Linux 8.10,administrator,3,0,HP DL380 Gen10,2028,DONE,4200004292,Prod,3,Unknown,NSTORE,Demang Lebar Daun Palembang,YES,2026-07-02 16:59:42 WIB,2,30,0,0,0,12.0,Low
DONE,DONE,Monitored UIM,BCP,bcpprobeplgpapp4,2026-07-02 16:59:42 WIB,PLG,2020 (BCP 8),PROBE,Rocky Linux 8.10,administrator,3,145,HP DL380 Gen10,2028,DONE,4200004292,Prod,3,Unknown,PROBE,Demang Lebar Daun Palembang,YES,2026-07-02 16:59:42 WIB,2,30,0,0,0,12.0,Low
DONE,DONE,Monitored UIM,BCP,bcpnstoreplgpapp3,2026-07-02 16:59:42 WIB,PLG,2020 (BCP 8),NSTORE,Rocky Linux 8.10,administrator,2,0,HP DL380 Gen10,2028,DONE,4200004292,Prod,2,Unknown,NSTORE,Demang Lebar Daun Palembang,YES,2026-07-02 16:59:42 WIB,2,30,0,0,0,12.0,Low
DONE,DONE,Monitored UIM,BCP,bcpprobeplgpapp3,2026-07-02 16:59:42 WIB,PLG,2020 (BCP 8),PROBE,Rocky Linux 8.10,administrator,2,145,HP DL380 Gen10,2028,DONE,4200004292,Prod,2,Unknown,PROBE,Demang Lebar Daun Palembang,YES,2026-07-02 16:59:42 WIB,2,30,0,0,0,12.0,Low
DONE,Not Feasible,Not Available,BCP,bcpswitchplgpapp2,2026-07-02 16:59:42 WIB,PLG,2020 (BCP 8),SWITCH,Unknown,Unknown,2,Unknown,Cisco C9300-48T,2028,Not Feasible,4200004292,Prod,2,Unknown,SWITCH,Demang Lebar Daun Palembang,YES,2026-07-02 16:59:42 WIB,2,30,100,100,100,72.0,High
DONE,Not Feasible,Not Available,BCP,bcpswitchplgpapp1,2026-07-02 16:59:42 WIB,PLG,2020 (BCP 8),SWITCH,Unknown,Unknown,2,Unknown,Cisco C9300-48T,2028,Not Feasible,4200004292,Prod,2,Unknown,SWITCH,Demang Lebar Daun Palembang,YES,2026-07-02 16:59:42 WIB,2,30,100,100,100,72.0,High
DONE,DONE,Not Installed Agent UIM,IXIA-1,bcpprobeplgsapp2,2026-07-02 16:59:42 WIB,PLG,2018 (BCP 6),PROBE,Rocky Linux 8.10,administrator,2,0,HP DL380 Gen10,2028,DONE,eHOP180722,Non Prod,2,Unknown,PROBE,Demang Lebar Daun Palembang,YES,2026-07-02 16:59:42 WIB,2,30,100,0,0,37.0,Medium
DONE,DONE,Monitored UIM,0,bcpnstoredgopapp5,2026-07-02 16:59:42 WIB,DGO,2023 (BCP 11),NSTORE,Rocky Linux 8.10,root,0,0,DELL PowerEdge R750,2028,DONE,4100004105,Prod,0,Unknown,NSTORE,Dago Bandung,YES,2026-07-02 16:59:42 WIB,2,30,0,0,0,12.0,Low
DONE,DONE,Monitored UIM,0,bcpprobedgopapp5,2026-07-02 16:59:42 WIB,DGO,2023 (BCP 11),PROBE,Rocky Linux 8.10,root,0,145,DELL PowerEdge R750,2028,DONE,4100004105,Prod,0,Unknown,PROBE,Dago Bandung,YES,2026-07-02 16:59:42 WIB,2,30,0,0,0,12.0,Low
DONE,DONE,Not Installed Agent UIM,BCP 10,bcpkafkadgopapp1,2026-07-02 16:59:42 WIB,DGO,2023 (BCP 11),KAFKA,Rocky Linux 8.10,administrator,2,Unknown,HP DL380 Gen10,2028,DONE,4200035613,Prod,2,Unknown,KAFKA,Dago Bandung,YES,2026-07-02 16:59:42 WIB,2,30,100,0,0,37.0,Medium
DONE,DONE,Not Installed Agent UIM,BCP 10,bcpnstoredgopapp4,2026-07-02 16:59:42 WIB,DGO,2022 (BCP 10),NSTORE,Rocky Linux 8.10,administrator,2,0,HP DL380 Gen10,2027,DONE,4200029840,Prod,2,Unknown,NSTORE,Dago Bandung,YES,2026-07-02 16:59:42 WIB,1,60,100,0,0,49.0,Medium
DONE,DONE,Not Installed Agent UIM,BCP 10,bcpprobedgopapp4,2026-07-02 16:59:42 WIB,DGO,2022 (BCP 10),PROBE,Rocky Linux 8.10,administrator,2,100,HP DL380 Gen10,2027,DONE,4200029840,Prod,2,Unknown,PROBE,Dago Bandung,YES,2026-07-02 16:59:42 WIB,1,60,100,0,0,49.0,Medium
DONE,DONE,Not Installed Agent UIM,BCP 7,bcpnstoredgosapp1,2026-07-02 16:59:42 WIB,DGO,2020 (BCP 8),NSTORE,Rocky Linux 8.10,administrator,2,0,HP DL380 Gen10,2028,DONE,4200004289,Non Prod,2,ex TBS (bcpnstoretbspapp7),NSTORE,Dago Bandung,YES,2026-07-02 16:59:42 WIB,2,30,100,0,0,37.0,Medium
DONE,DONE,Not Installed Agent UIM,BCP 7,bcpprobedgosapp1,2026-07-02 16:59:42 WIB,DGO,2020 (BCP 8),PROBE,Rocky Linux 8.10,administrator,2,0,HP DL380 Gen10,2028,DONE,4200004289,Non Prod,2,ex TBS (bcpprobetbspapp7),PROBE,Dago Bandung,YES,2026-07-02 16:59:42 WIB,2,30,100,0,0,37.0,Medium
DONE,DONE,Not Installed Agent UIM,BCP 7,bcpnstoredgopapp3,2026-07-02 16:59:42 WIB,DGO,2021 (BCP 9),NSTORE,Rocky Linux 8.10,administrator,2,0,HP DL380 Gen10,2027,DONE,4200021585,Prod,2,Unknown,NSTORE,Dago Bandung,YES,2026-07-02 16:59:42 WIB,1,60,100,0,0,49.0,Medium
DONE,DONE,Not Installed Agent UIM,BCP 7,bcpprobedgopapp3,2026-07-02 16:59:42 WIB,DGO,2021 (BCP 9),PROBE,Rocky Linux 8.10,administrator,2,100,HP DL380 Gen10,2027,DONE,4200021585,Prod,2,Unknown,PROBE,Dago Bandung,YES,2026-07-02 16:59:42 WIB,1,60,100,0,0,49.0,Medium
DONE,DONE,Monitored UIM,BCP 7,bcpnstoredgopapp2,2026-07-02 16:59:42 WIB,DGO,2019 (BCP 7),NSTORE,Rocky Linux 8.10,administrator,2,0,HP DL380 Gen10,2028,DONE,eHOP190928,Prod,2,Unknown,NSTORE,Dago Bandung,YES,2026-07-02 16:59:42 WIB,2,30,0,0,0,12.0,Low
DONE,DONE,Monitored UIM,BCP 7,bcpnstoredgopapp1,2026-07-02 16:59:42 WIB,DGO,2019 (BCP 7),NSTORE,Rocky Linux 8.10,administrator,2,0,HP DL380 Gen10,2028,DONE,eHOP190928,Prod,2,Unknown,NSTORE,Dago Bandung,YES,2026-07-02 16:59:42 WIB,2,30,0,0,0,12.0,Low
DONE,DONE,Monitored UIM,BCP 7,bcpprobedgopapp2,2026-07-02 16:59:42 WIB,DGO,2019 (BCP 7),PROBE,Rocky Linux 8.10,administrator,2,100,HP DL380 Gen10,2028,DONE,eHOP190928,Prod,2,Unknown,PROBE,Dago Bandung,YES,2026-07-02 16:59:42 WIB,2,30,0,0,0,12.0,Low
DONE,DONE,Monitored UIM,BCP 7,bcpprobedgopapp1,2026-07-02 16:59:42 WIB,DGO,2019 (BCP 7),PROBE,Rocky Linux 8.10,administrator,2,100,HP DL380 Gen10,2028,DONE,eHOP190928,Prod,2,Unknown,PROBE,Dago Bandung,YES,2026-07-02 16:59:42 WIB,2,30,0,0,0,12.0,Low
DONE,Not Feasible,Not Available,BCP 7,bcpswitchdgopapp2,2026-07-02 16:59:42 WIB,DGO,2019 (BCP 7),SWITCH,Unknown,Unknown,2,Unknown,Cisco 3850-48U,2028,Not Feasible,eHOP190928,Prod,2,Unknown,SWITCH,Dago Bandung,YES,2026-07-02 16:59:42 WIB,2,30,100,100,100,72.0,High
DONE,Not Feasible,Not Available,BCP 7,bcpswitchdgopapp1,2026-07-02 16:59:42 WIB,DGO,2019 (BCP 7),SWITCH,Unknown,Unknown,2,Unknown,Cisco 3850-48U,2028,Not Feasible,eHOP190928,Prod,2,Unknown,SWITCH,Dago Bandung,YES,2026-07-02 16:59:42 WIB,2,30,100,100,100,72.0,High
DONE,DONE,Monitored UIM,0,bcpnstorecbnpapp1,2026-07-02 16:59:42 WIB,CBN,2023 (BCP 11),NSTORE,Rocky Linux 8.10,root,1,Unknown,DELL PowerEdge R750,2028,DONE,4100004105,Prod,1,Reloc From SHT,NSTORE,Cirebon,YES,2026-07-02 16:59:42 WIB,2,30,0,0,0,12.0,Low
DONE,DONE,Monitored UIM,0,bcpprobecbnpapp1,2026-07-02 16:59:42 WIB,CBN,2023 (BCP 11),PROBE,Rocky Linux 8.10,root,1,145,DELL PowerEdge R750,2028,DONE,4100004105,Prod,1,Reloc From SHT,PROBE,Cirebon,YES,2026-07-02 16:59:42 WIB,2,30,0,0,0,12.0,Low
DONE,DONE,Not Installed Agent UIM,AN28,bcpprobebsdpapp11,2026-07-02 16:59:42 WIB,BSD,2022 (BCP 10),PROBE,Unknown,administrator,3,Unknown,HP DL380 Gen10,2028,DONE,4200029837,Unknown,3,NEW EXPAND 2025 (RELOC to bcpnstoreplgpapp8),PROBE,Bumi Serpong Damai,,2026-07-02 16:59:42 WIB,2,30,100,0,0,37.0,Medium
DONE,DONE,Not Installed Agent UIM,AN28,bcpnstorebsdpapp10,2026-07-02 16:59:42 WIB,BSD,2021 (BCP 9),NSTORE,Unknown,administrator,3,Unknown,HP DL380 Gen10,2028,DONE,4200021565,Unknown,3,NEW EXPAND 2025 (RELOC to bcpnstoreplgpapp8),NSTORE,Bumi Serpong Damai,,2026-07-02 16:59:42 WIB,2,30,100,0,0,37.0,Medium
DONE,DONE,Not Installed Agent UIM,AN28,bcpprobebsdpapp10,2026-07-02 16:59:42 WIB,BSD,2020 (BCP 8),PROBE,Unknown,administrator,3,Unknown,HP DL380 Gen10,2028,DONE,4200004289,Unknown,3,NEW EXPAND 2025 (RELOC to bcpprobeplgpapp8),PROBE,Bumi Serpong Damai,,2026-07-02 16:59:42 WIB,2,30,100,0,0,37.0,Medium
DONE,DONE,Monitored UIM,AH25,bcpprobebsdpapp9,2026-07-02 16:59:42 WIB,BSD,2023 (BCP 11),PROBE,Rocky Linux 8.10,root,3,60,DELL PowerEdge R750,2028,DONE,4100004105,Prod,3,Unknown,PROBE,Bumi Serpong Damai,YES,2026-07-02 16:59:42 WIB,2,30,0,0,0,12.0,Low
DONE,DONE,Monitored UIM,AH25,bcpnstorebsdpapp8,2026-07-02 16:59:42 WIB,BSD,2023 (BCP 11),NSTORE,Unknown,root,3,Unknown,DELL PowerEdge R750,2026,DONE,4100004105,Unknown,3,NEW EXPAND 2025 (RELOC to bcpnstoreplgpapp7),NSTORE,Bumi Serpong Damai,,2026-07-02 16:59:42 WIB,0,100,0,0,0,40.0,Medium
DONE,DONE,Monitored UIM,AH25,bcpprobebsdpapp8,2026-07-02 16:59:42 WIB,BSD,Unknown,PROBE,Unknown,root,3,Unknown,DELL PowerEdge R750,2026,DONE,Unknown,Unknown,3,NEW EXPAND 2025 (RELOC to bcpprobeplgpapp7),PROBE,Bumi Serpong Damai,,2026-07-02 16:59:42 WIB,0,100,0,0,0,40.0,Medium
DONE,DONE,Monitored UIM,AH25,bcpnstorebsdpapp7,2026-07-02 16:59:42 WIB,BSD,2023 (BCP 11),NSTORE,Rocky Linux 8.10,root,3,0,DELL PowerEdge R750,2028,DONE,4100004105,Prod,3,Unknown,NSTORE,Bumi Serpong Damai,YES,2026-07-02 16:59:42 WIB,2,30,0,0,0,12.0,Low
DONE,DONE,Monitored UIM,AH25,bcpprobebsdpapp7,2026-07-02 16:59:42 WIB,BSD,2023 (BCP 11),PROBE,Rocky Linux 8.10,root,3,145,DELL PowerEdge R750,2028,DONE,4100004105,Prod,3,Unknown,PROBE,Bumi Serpong Damai,YES,2026-07-02 16:59:42 WIB,2,30,0,0,0,12.0,Low
DONE,DONE,Not Installed Agent UIM,AH 26,bcpnstorebsdpapp6,2026-07-02 16:59:42 WIB,BSD,2022 (BCP 10),NSTORE,Rocky Linux 8.10,administrator,3,0,HP DL380 GEN9,2027,DONE,4200029837,Prod,3,ex BRN (bcpnstorebrnpapp5),NSTORE,Bumi Serpong Damai,YES,2026-07-02 16:59:42 WIB,1,60,100,0,0,49.0,Medium
DONE,DONE,Not Installed Agent UIM,AH 26,bcpprobebsdpapp6,2026-07-02 16:59:42 WIB,BSD,2017 (BCP 5),PROBE,Rocky Linux 8.10,administrator,3,100,HP DL380 GEN9,2027,DONE,4200029837,Prod,3,ex BRN (bcpprobebrnpapp5),PROBE,Bumi Serpong Damai,YES,2026-07-02 16:59:42 WIB,1,60,100,0,0,49.0,Medium
DONE,DONE,Not Installed Agent UIM,AH 26,bcpnstorebsdpapp5,2026-07-02 16:59:42 WIB,BSD,2022 (BCP 10),NSTORE,Rocky Linux 8.10,administrator,3,0,HP DL380 GEN9,2027,DONE,4200029837,Prod,3,ex Kenanga (bcpnstorekngsapp1),NSTORE,Bumi Serpong Damai,YES,2026-07-02 16:59:42 WIB,1,60,100,0,0,49.0,Medium
DONE,DONE,Not Installed Agent UIM,AH 26,bcpprobebsdpapp5,2026-07-02 16:59:42 WIB,BSD,2017 (BCP 5),PROBE,Rocky Linux 8.10,administrator,3,100,HP DL380 GEN9,2027,DONE,4200029837,Prod,3,ex Kenanga (bcpprobekngsapp1),PROBE,Bumi Serpong Damai,YES,2026-07-02 16:59:42 WIB,1,60,100,0,0,49.0,Medium
DONE,DONE,Not Installed Agent UIM,AH 26,bcpnstorebsdpapp4,2026-07-02 16:59:42 WIB,BSD,2022 (BCP 10),NSTORE,Rocky Linux 8.10,administrator,3,0,HP DL380 GEN10,2027,DONE,4200029837,Prod,3,Unknown,NSTORE,Bumi Serpong Damai,YES,2026-07-02 16:59:42 WIB,1,60,100,0,0,49.0,Medium
DONE,DONE,Not Installed Agent UIM,AH 26,bcpprobebsdpapp4,2026-07-02 16:59:42 WIB,BSD,2022 (BCP 10),PROBE,Rocky Linux 8.10,administrator,3,100,HP DL380 GEN10,2027,DONE,4200029837,Prod,3,Unknown,PROBE,Bumi Serpong Damai,YES,2026-07-02 16:59:42 WIB,1,60,100,0,0,49.0,Medium
DONE,DONE,Not Installed Agent UIM,AH 26,bcpnstorebsdpapp3,2026-07-02 16:59:42 WIB,BSD,2022 (BCP 10),NSTORE,Rocky Linux 8.10,administrator,3,0,HP DL380 GEN9,2027,DONE,4200029837,Prod,3,ex TBS (bcpnstoretbssapp1),NSTORE,Bumi Serpong Damai,YES,2026-07-02 16:59:42 WIB,1,60,100,0,0,49.0,Medium
DONE,DONE,Not Installed Agent UIM,AH 26,bcpprobebsdpapp3,2026-07-02 16:59:42 WIB,BSD,2017 (BCP 5),PROBE,Rocky Linux 8.10,administrator,3,100,HP DL380 GEN9,2027,DONE,4200029837,Prod,3,ex TBS (bcpprobetbssapp1),PROBE,Bumi Serpong Damai,YES,2026-07-02 16:59:42 WIB,1,60,100,0,0,49.0,Medium
DONE,DONE,Not Installed Agent UIM,AH 26,bcpnstorebsdpapp2,2026-07-02 16:59:42 WIB,BSD,2022 (BCP 10),NSTORE,Rocky Linux 8.10,administrator,3,0,HP DL380 GEN9,2027,DONE,4200029837,Prod,3,ex BRN (bcpnstorebrnsapp1),NSTORE,Bumi Serpong Damai,YES,2026-07-02 16:59:42 WIB,1,60,100,0,0,49.0,Medium
DONE,DONE,Not Installed Agent UIM,AH 26,bcpprobebsdpapp2,2026-07-02 16:59:42 WIB,BSD,2017 (BCP 5),PROBE,Rocky Linux 8.10,administrator,3,100,HP DL380 GEN9,2027,DONE,4200029837,Prod,3,ex BRN (bcpprobebrnsapp1),PROBE,Bumi Serpong Damai,YES,2026-07-02 16:59:42 WIB,1,60,100,0,0,49.0,Medium
DONE,Not Feasible,Not Available,AH 26,bcpswitchbsdpapp2,2026-07-02 16:59:42 WIB,BSD,2022 (BCP 10),SWITCH,Unknown,Unknown,3,Unknown,Cisco 9300-48U,2027,Not Feasible,4200029837,Prod,3,Unknown,SWITCH,Bumi Serpong Damai,YES,2026-07-02 16:59:42 WIB,1,60,100,100,100,84.0,High
DONE,Not Feasible,Not Available,AH 26,bcpswitchbsdpapp1,2026-07-02 16:59:42 WIB,BSD,2022 (BCP 10),SWITCH,Unknown,Unknown,3,Unknown,Cisco 9300-48U,2027,Not Feasible,4200029837,Prod,3,Unknown,SWITCH,Bumi Serpong Damai,YES,2026-07-02 16:59:42 WIB,1,60,100,100,100,84.0,High
DONE,DONE,Monitored UIM,0,bcpmrshabrnpapp6,2026-07-02 16:59:42 WIB,BRN,2023 (BCP 11),MRS,Rocky Linux 8.10,root,0,Unknown,DELL PowerEdge R750,2028,Exclude,4100004105,Prod,0,Unknown,MRS,Buaran (JKT),Unknown,2026-07-02 16:59:42 WIB,2,30,0,0,0,12.0,Low
DONE,DONE,Monitored UIM,0,bcpmrshabrnpapp5,2026-07-02 16:59:42 WIB,BRN,2023 (BCP 11),MRS,Rocky Linux 8.10,root,0,Unknown,DELL PowerEdge R750,2028,Exclude,4100004105,Prod,0,Unknown,MRS,Buaran (JKT),Unknown,2026-07-02 16:59:42 WIB,2,30,0,0,0,12.0,Low
DONE,DONE,Monitored UIM,0,bcpmrshabrnpapp4,2026-07-02 16:59:42 WIB,BRN,2023 (BCP 11),MRS,Rocky Linux 8.10,root,0,Unknown,DELL PowerEdge R750,2028,Exclude,4100004105,Prod,0,Unknown,MRS,Buaran (JKT),Unknown,2026-07-02 16:59:42 WIB,2,30,0,0,0,12.0,Low
DONE,DONE,Monitored UIM,0,bcpmrshabrnpapp3,2026-07-02 16:59:42 WIB,BRN,2023 (BCP 11),MRS,Rocky Linux 8.10,root,0,Unknown,DELL PowerEdge R750,2028,Exclude,4100004105,Prod,0,Unknown,MRS,Buaran (JKT),Unknown,2026-07-02 16:59:42 WIB,2,30,0,0,0,12.0,Low
DONE,DONE,Monitored UIM,0,bcpmrshabrnpapp2,2026-07-02 16:59:42 WIB,BRN,2023 (BCP 11),MRS,Rocky Linux 8.10,root,0,Unknown,DELL PowerEdge R750,2028,Exclude,4100004105,Prod,0,Unknown,MRS,Buaran (JKT),Unknown,2026-07-02 16:59:42 WIB,2,30,0,0,0,12.0,Low
DONE,DONE,Monitored UIM,0,bcpmrshabrnpapp1,2026-07-02 16:59:42 WIB,BRN,2023 (BCP 11),MRS,Rocky Linux 8.10,root,0,Unknown,DELL PowerEdge R750,2028,Exclude,4100004105,Prod,0,Unknown,MRS,Buaran (JKT),Unknown,2026-07-02 16:59:42 WIB,2,30,0,0,0,12.0,Low
DONE,DONE,Monitored UIM,0,bcpdwbrnpapp5,2026-07-02 16:59:42 WIB,BRN,2023 (BCP 11),DW,Rocky Linux 8.10,root,0,Unknown,DELL PowerEdge R750,2028,Exclude,4100004105,Prod,0,Unknown,DW,Buaran (JKT),YES,2026-07-02 16:59:42 WIB,2,30,0,0,0,12.0,Low
DONE,DONE,Monitored UIM,0,bcpbrokerbrnpapp6,2026-07-02 16:59:42 WIB,BRN,2023 (BCP 11),BROKER,Rocky Linux 8.10,root,0,Unknown,DELL PowerEdge R750,2028,DONE,4100004105,Prod,0,Unknown,BROKER,Buaran (JKT),YES,2026-07-02 16:59:42 WIB,2,30,0,0,0,12.0,Low
DONE,DONE,Not Installed Agent UIM,0,bcpbrokerbrnpapp5,2026-07-02 16:59:42 WIB,BRN,2022 (BCP 10),BROKER,Rocky Linux 8.10,administrator,0,Unknown,HP DL380 Gen10,2027,DONE,4200029837,Prod,0,Unknown,BROKER,Buaran (JKT),YES,2026-07-02 16:59:42 WIB,1,60,100,0,0,49.0,Medium
DONE,DONE,Not Installed Agent UIM,0,bcpbrokerbrnpapp4,2026-07-02 16:59:42 WIB,BRN,2021 (BCP 9),BROKER,Rocky Linux 8.10,administrator,0,Unknown,HP DL380 Gen10,2027,DONE,4200021565,Prod,0,Unknown,BROKER,Buaran (JKT),YES,2026-07-02 16:59:42 WIB,1,60,100,0,0,49.0,Medium
DONE,DONE,Monitored UIM,0,bcpmrsbrnpapp6,2026-07-02 16:59:42 WIB,BRN,2023 (BCP 11),MRS,Rocky Linux 8.10,root,0,Unknown,DELL PowerEdge R750,2028,Exclude,4100004105,Prod,0,Unknown,MRS,Buaran (JKT),YES,2026-07-02 16:59:42 WIB,2,30,0,0,0,12.0,Low
DONE,DONE,Not Installed Agent UIM,0,bcpmrsbrnpapp5,2026-07-02 16:59:42 WIB,BRN,2022 (BCP 10),MRS,Rocky Linux 8.10,administrator,0,Unknown,HP DL380 Gen10,2027,Exclude,4200029837,Prod,0,Unknown,MRS,Buaran (JKT),YES,2026-07-02 16:59:42 WIB,1,60,100,0,0,49.0,Medium
DONE,DONE,Not Installed Agent UIM,0,bcpmrsbrnpapp4,2026-07-02 16:59:42 WIB,BRN,2020 (BCP 8),MRS,Rocky Linux 8.10,administrator,0,Unknown,HP DL380 Gen10,2028,Exclude,4200004289,Prod,0,Unknown,MRS,Buaran (JKT),YES,2026-07-02 16:59:42 WIB,2,30,100,0,0,37.0,Medium
DONE,DONE,Not Installed Agent UIM,AM 15,bcpkafkabrnpapp1,2026-07-02 16:59:42 WIB,BRN,2023 (BCP 11),KAFKA,Rocky Linux 8.10,administrator,2,Unknown,HP DL380 Gen10,2028,DONE,4200035613,Prod,2,Unknown,KAFKA,Buaran (JKT),YES,2026-07-02 16:59:42 WIB,2,30,100,0,0,37.0,Medium
DONE,DONE,Not Installed Agent UIM,AN 15,bcpmrsbrnpapp3,2026-07-02 16:59:42 WIB,BRN,2022 (BCP 10),MRS,Rocky Linux 8.10,administrator,2,Unknown,HP DL380 Gen10,2027,Exclude,4200029837,Prod,2,Unknown,MRS,Buaran (JKT),YES,2026-07-02 16:59:42 WIB,1,60,100,0,0,49.0,Medium
DONE,DONE,Monitored UIM,AN 15,bcpmrsbrnpapp2,2026-07-02 16:59:42 WIB,BRN,2019 (BCP 7),MRS,Rocky Linux 8.10,administrator,2,Unknown,HP DL380 Gen10,2028,Exclude,eHOP190928,Prod,2,Unknown,MRS,Buaran (JKT),YES,2026-07-02 16:59:42 WIB,2,30,0,0,0,12.0,Low
DONE,DONE,Monitored UIM,AL 15,bcpnstorebrnpapp7,2026-07-02 16:59:42 WIB,BRN,2020 (BCP 8),NSTORE,Rocky Linux 8.10,administrator,2,0,HP DL380 Gen10,2028,DONE,4200004289,Prod,2,Unknown,NSTORE,Buaran (JKT),YES,2026-07-02 16:59:42 WIB,2,30,0,0,0,12.0,Low
DONE,DONE,Monitored UIM,AL 15,bcpprobebrnpapp7,2026-07-02 16:59:42 WIB,BRN,2020 (BCP 8),PROBE,Rocky Linux 8.10,administrator,2,145,HP DL380 Gen10,2028,DONE,4200004289,Prod,2,Unknown,PROBE,Buaran (JKT),YES,2026-07-02 16:59:42 WIB,2,30,0,0,0,12.0,Low
DONE,DONE,Monitored UIM,0,bcpprobebrnpapp5,2026-07-02 16:59:42 WIB,BRN,2023 (BCP 11),PROBE,Rocky Linux 8.10,root,0,60,DELL PowerEdge R750,2028,DONE,4100004105,Prod,0,Unknown,PROBE,Buaran (JKT),YES,2026-07-02 16:59:42 WIB,2,30,0,0,0,12.0,Low
DONE,DONE,Monitored UIM,AG 07,bcpmrsbrnpapp1,2026-07-02 16:59:42 WIB,BRN,2020 (BCP 8),MRS,Rocky Linux 8.10,administrator,2,Unknown,HP DL560 Gen10,2028,Exclude,4200004289,Prod,2,Unknown,MRS,Buaran (JKT),YES,2026-07-02 16:59:42 WIB,2,30,0,0,0,12.0,Low
DONE,DONE,Monitored UIM,AG 07,bcpdwbrnpapp1,2026-07-02 16:59:42 WIB,BRN,2020 (BCP 8),DW,Rocky Linux 8.10,administrator,2,Unknown,HP DL380 Gen10,2028,Exclude,4200004289,Prod,2,Unknown,DW,Buaran (JKT),YES,2026-07-02 16:59:42 WIB,2,30,0,0,0,12.0,Low
DONE,DONE,Monitored UIM,AG 07,bcpbrokerbrnpapp1,2026-07-02 16:59:42 WIB,BRN,2020 (BCP 8),BROKER,Rocky Linux 8.10,administrator,2,Unknown,HP DL380 Gen10,2028,DONE,4200004289,Prod,2,Unknown,BROKER,Buaran (JKT),YES,2026-07-02 16:59:42 WIB,2,30,0,0,0,12.0,Low
DONE,DONE,Monitored UIM,AG 07,bcpnstorebrnpapp6,2026-07-02 16:59:42 WIB,BRN,2020 (BCP 8),NSTORE,Rocky Linux 8.10,administrator,2,0,HP DL380 Gen10,2028,DONE,4200004289,Prod,2,Unknown,NSTORE,Buaran (JKT),YES,2026-07-02 16:59:42 WIB,2,30,0,0,0,12.0,Low
DONE,DONE,Monitored UIM,AG 07,bcpprobebrnpapp6,2026-07-02 16:59:42 WIB,BRN,2020 (BCP 8),PROBE,Rocky Linux 8.10,administrator,2,145,HP DL380 Gen10,2028,DONE,4200004289,Prod,2,Unknown,PROBE,Buaran (JKT),YES,2026-07-02 16:59:42 WIB,2,30,0,0,0,12.0,Low
DONE,DONE,Not Installed Agent UIM,AG 07,bcpbrokerbrnpapp2,2026-07-02 16:59:42 WIB,BRN,2021 (BCP 9),BROKER,Rocky Linux 8.10,administrator,2,Unknown,HP DL380 Gen10,2027,DONE,4200021565,Prod,2,Unknown,BROKER,Buaran (JKT),YES,2026-07-02 16:59:42 WIB,1,60,100,0,0,49.0,Medium
DONE,Not Feasible,Not Available,AG 07,bcpswitchbrnpapp4,2026-07-02 16:59:42 WIB,BRN,2020 (BCP 8),SWITCH,Unknown,Unknown,2,Unknown,Cisco 9300-48T,2028,Not Feasible,4200004289,Prod,2,Unknown,SWITCH,Buaran (JKT),YES,2026-07-02 16:59:42 WIB,2,30,100,100,100,72.0,High
DONE,Not Feasible,Not Available,AG 07,bcpswitchbrnpapp3,2026-07-02 16:59:42 WIB,BRN,2020 (BCP 8),SWITCH,Unknown,Unknown,2,Unknown,Cisco 9300-48T,2028,Not Feasible,4200004289,Prod,2,Unknown,SWITCH,Buaran (JKT),YES,2026-07-02 16:59:42 WIB,2,30,100,100,100,72.0,High
DONE,Not Feasible,Not Available,AG 07,bcpswitch10gbrnpapp1,2026-07-02 16:59:42 WIB,BRN,2020 (BCP 8),SWITCH,Unknown,Unknown,2,Unknown,Cisco 3850-24U,2028,Not Feasible,4200004289,Prod,2,Unknown,SWITCH,Buaran (JKT),YES,2026-07-02 16:59:42 WIB,2,30,100,100,100,72.0,High
DONE,DONE,Not Installed Agent UIM,AM 15,bcpbrokerbrnpapp3,2026-07-02 16:59:42 WIB,BRN,2022 (BCP 10),BROKER,Rocky Linux 8.10,administrator,2,Unknown,HP DL380 Gen10,2027,DONE,4200029837,Prod,2,Unknown,BROKER,Buaran (JKT),YES,2026-07-02 16:59:42 WIB,1,60,100,0,0,49.0,Medium
DONE,DONE,Monitored UIM,AM 15,bcpdwbrnpapp2,2026-07-02 16:59:42 WIB,BRN,2017 (BCP 5),DW,Rocky Linux 8.10,administrator,2,Unknown,HP DL380 GEN9,2026,Exclude,HOP170051,Prod,2,Unknown,DW,Buaran (JKT),YES,2026-07-02 16:59:42 WIB,0,100,0,0,0,40.0,Medium
DONE,DONE,Monitored UIM,AM 15,bcpnstorebrnpapp4,2026-07-02 16:59:42 WIB,BRN,2017 (BCP 5),NSTORE,Rocky Linux 8.10,administrator,2,0,HP DL380 GEN9,2026,DONE,HOP170051,Prod,2,Unknown,NSTORE,Buaran (JKT),YES,2026-07-02 16:59:42 WIB,0,100,0,0,0,40.0,Medium
DONE,Not Feasible,Not Available,AM 15,bcpswitchbrnpapp2,2026-07-02 16:59:42 WIB,BRN,2017 (BCP 5),SWITCH,Unknown,Unknown,2,Unknown,Cisco 3850-48T,2026,Not Feasible,HOP170051,Prod,2,Unknown,SWITCH,Buaran (JKT),YES,2026-07-02 16:59:42 WIB,0,100,100,100,100,100.0,High
DONE,DONE,Monitored UIM,AN 15,bcpdwbrnpapp3,2026-07-02 16:59:42 WIB,BRN,2017 (BCP 5),DW,Rocky Linux 8.10,administrator,2,Unknown,HP DL380 GEN9,2026,Exclude,HOP170051,Prod,2,Unknown,DW,Buaran (JKT),YES,2026-07-02 16:59:42 WIB,0,100,0,0,0,40.0,Medium
DONE,DONE,Monitored UIM,AN 15,bcpprobebrnpapp4,2026-07-02 16:59:42 WIB,BRN,2017 (BCP 5),PROBE,Rocky Linux 8.10,administrator,2,100,HP DL380 GEN9,2026,DONE,HOP170051,Prod,2,Unknown,PROBE,Buaran (JKT),YES,2026-07-02 16:59:42 WIB,0,100,0,0,0,40.0,Medium
DONE,Not Feasible,Not Available,AN 15,bcpswitchbrnpapp1,2026-07-02 16:59:42 WIB,BRN,2017 (BCP 5),SWITCH,Unknown,Unknown,2,Unknown,Cisco 3850-48T,2026,Not Feasible,HOP170051,Prod,2,Unknown,SWITCH,Buaran (JKT),YES,2026-07-02 16:59:42 WIB,0,100,100,100,100,100.0,High
DONE,DONE,Monitored UIM,AO 15,bcpnstorebrnpapp3,2026-07-02 16:59:42 WIB,BRN,2017 (BCP 5),NSTORE,Rocky Linux 8.10,administrator,2,0,HP DL380 GEN9,2026,DONE,HOP170051,Prod,2,Unknown,NSTORE,Buaran (JKT),YES,2026-07-02 16:59:42 WIB,0,100,0,0,0,40.0,Medium
DONE,DONE,Monitored UIM,AO 15,bcpnstorebrnpapp2,2026-07-02 16:59:42 WIB,BRN,2017 (BCP 5),NSTORE,Rocky Linux 8.10,administrator,2,0,HP DL380 GEN9,2026,DONE,HOP170051,Prod,2,Unknown,NSTORE,Buaran (JKT),YES,2026-07-02 16:59:42 WIB,0,100,0,0,0,40.0,Medium
DONE,DONE,Monitored UIM,AO 15,bcpnstorebrnpapp1,2026-07-02 16:59:42 WIB,BRN,2017 (BCP 5),NSTORE,Rocky Linux 8.10,administrator,2,0,HP DL380 GEN9,2026,DONE,HOP170051,Prod,2,Unknown,NSTORE,Buaran (JKT),YES,2026-07-02 16:59:42 WIB,0,100,0,0,0,40.0,Medium
DONE,DONE,Monitored UIM,AO 15,bcpprobebrnpapp3,2026-07-02 16:59:42 WIB,BRN,2017 (BCP 5),PROBE,Rocky Linux 8.10,administrator,2,100,HP DL380 GEN9,2026,DONE,HOP170051,Prod,2,Unknown,PROBE,Buaran (JKT),YES,2026-07-02 16:59:42 WIB,0,100,0,0,0,40.0,Medium
DONE,DONE,Monitored UIM,AO 15,bcpprobebrnpapp2,2026-07-02 16:59:42 WIB,BRN,2017 (BCP 5),PROBE,Rocky Linux 8.10,administrator,2,100,HP DL380 GEN9,2026,DONE,HOP170051,Prod,2,Unknown,PROBE,Buaran (JKT),YES,2026-07-02 16:59:42 WIB,0,100,0,0,0,40.0,Medium
DONE,DONE,Monitored UIM,AO 15,bcpprobebrnpapp1,2026-07-02 16:59:42 WIB,BRN,2017 (BCP 5),PROBE,Rocky Linux 8.10,administrator,2,100,HP DL380 GEN9,2026,DONE,HOP170051,Prod,2,Unknown,PROBE,Buaran (JKT),YES,2026-07-02 16:59:42 WIB,0,100,0,0,0,40.0,Medium
DONE,DONE,Monitored UIM,AO 15,bcpdwbrnpapp4,2026-07-02 16:59:42 WIB,BRN,2017 (BCP 5),DW,Rocky Linux 8.10,administrator,2,Unknown,HP DL380 GEN9,2026,Exclude,HOP170051,Prod,2,Unknown,DW,Buaran (JKT),YES,2026-07-02 16:59:42 WIB,0,100,0,0,0,40.0,Medium
DONE,Not Feasible,Not Available,Containtment QF12,bcpswitchbtmpapp2,2026-07-02 16:59:42 WIB,BTM,2023 (BCP 11),SWITCH,Unknown,Unknown,2,Unknown,Cisco 9300-48T,2028,Not Feasible,4100004105,Prod,2,Unknown,SWITCH,Batam,YES,2026-07-02 16:59:42 WIB,2,30,100,100,100,72.0,High
DONE,Not Feasible,Not Available,Containtment QF12,bcpswitchbtmpapp1,2026-07-02 16:59:42 WIB,BTM,2023 (BCP 11),SWITCH,Unknown,Unknown,2,Unknown,Cisco 9300-48T,2028,Not Feasible,4100004105,Prod,2,Unknown,SWITCH,Batam,YES,2026-07-02 16:59:42 WIB,2,30,100,100,100,72.0,High
DONE,DONE,Monitored UIM,Containtment QF12,bcpnstorebtmpapp2,2026-07-02 16:59:42 WIB,BTM,2023 (BCP 11),NSTORE,Rocky Linux 8.10,root,2,0,DELL PowerEdge R750,2028,DONE,4100004105,Prod,2,Unknown,NSTORE,Batam,YES,2026-07-02 16:59:42 WIB,2,30,0,0,0,12.0,Low
DONE,DONE,Monitored UIM,Containtment QF12,bcpprobebtmpapp2,2026-07-02 16:59:42 WIB,BTM,2023 (BCP 11),PROBE,Rocky Linux 8.10,root,2,145,DELL PowerEdge R750,2028,DONE,4100004105,Prod,2,Unknown,PROBE,Batam,YES,2026-07-02 16:59:42 WIB,2,30,0,0,0,12.0,Low
DONE,DONE,Monitored UIM,K26,bcpprobebjbpapp4,2026-07-02 16:59:42 WIB,BJB,2023 (BCP 11),PROBE,Rocky Linux 8.10,root,2,60,DELL PowerEdge R750,2028,DONE,4100004105,Prod,2,Unknown,PROBE,Banjar Baru,YES,2026-07-02 16:59:42 WIB,2,30,0,0,0,12.0,Low
DONE,DONE,Not Installed Agent UIM,K26,bcpprobebjbpapp3,2026-07-02 16:59:42 WIB,BJB,2019 (BCP 7),PROBE,Rocky Linux 8.10,administrator,2,40,HP DL380 Gen10,2028,DONE,eHOP190928,Prod,2,Ex PTK (bcpprobeptkpapp3),PROBE,Banjar Baru,YES,2026-07-02 16:59:42 WIB,2,30,100,0,0,37.0,Medium
DONE,DONE,Agent UIM Inactive,K26,bcpnstorebjbpapp2,2026-07-02 16:59:42 WIB,BJB,2020 (BCP 8),NSTORE,Rocky Linux 8.10,administrator,2,0,HP DL380 Gen10,2028,DONE,4200004301,Prod,2,Unknown,NSTORE,Banjar Baru,YES,2026-07-02 16:59:42 WIB,2,30,70,0,0,29.5,Low
DONE,DONE,Not Installed Agent UIM,K26,bcpprobebjbpapp2,2026-07-02 16:59:42 WIB,BJB,2020 (BCP 8),PROBE,Rocky Linux 8.10,administrator,2,145,HP DL380 Gen10,2028,DONE,4200004301,Prod,2,Unknown,PROBE,Banjar Baru,YES,2026-07-02 16:59:42 WIB,2,30,100,0,0,37.0,Medium
DONE,Not Feasible,Not Available,K26,bcpswitchbjbpapp2,2026-07-02 16:59:42 WIB,BJB,2020 (BCP 8),SWITCH,Unknown,Unknown,2,Unknown,Cisco C9300-48T,2028,Not Feasible,4200004301,Prod,2,Unknown,SWITCH,Banjar Baru,YES,2026-07-02 16:59:42 WIB,2,30,100,100,100,72.0,High
DONE,Not Feasible,Not Available,K26,bcpswitchbjbpapp1,2026-07-02 16:59:42 WIB,BJB,2020 (BCP 8),SWITCH,Unknown,Unknown,2,Unknown,Cisco C9300-48T,2028,Not Feasible,4200004301,Prod,2,Unknown,SWITCH,Banjar Baru,YES,2026-07-02 16:59:42 WIB,2,30,100,100,100,72.0,High
DONE,DONE,Monitored UIM,BCP,bcpnstorebpppapp3,2026-07-02 16:59:42 WIB,BPP,2023 (BCP 11),NSTORE,Rocky Linux 8.10,root,3,0,DELL PowerEdge R750,2028,DONE,4100004105,Prod,3,Unknown,NSTORE,Balikpapan,YES,2026-07-02 16:59:42 WIB,2,30,0,0,0,12.0,Low
DONE,DONE,Monitored UIM,BCP,bcpprobebpppapp3,2026-07-02 16:59:42 WIB,BPP,2023 (BCP 11),PROBE,Rocky Linux 8.10,root,3,145,DELL PowerEdge R750,2028,DONE,4100004105,Prod,3,Unknown,PROBE,Balikpapan,YES,2026-07-02 16:59:42 WIB,2,30,0,0,0,12.0,Low
DONE,Not Feasible,Not Available,BCP,bcpswitchbpppapp2,2026-07-02 16:59:42 WIB,BPP,2020 (BCP 8),SWITCH,Unknown,Unknown,3,Unknown,Cisco C9300-48T,2028,Not Feasible,4200004301,Prod,3,Unknown,SWITCH,Balikpapan,YES,2026-07-02 16:59:42 WIB,2,30,100,100,100,72.0,High
DONE,Not Feasible,Not Available,BCP,bcpswitchbpppapp1,2026-07-02 16:59:42 WIB,BPP,2020 (BCP 8),SWITCH,Unknown,Unknown,3,Unknown,Cisco C9300-48T,2028,Not Feasible,4200004301,Prod,3,Unknown,SWITCH,Balikpapan,YES,2026-07-02 16:59:42 WIB,2,30,100,100,100,72.0,High
DONE,DONE,Agent UIM Inactive,BCP,bcpnstorebpppapp2,2026-07-02 16:59:42 WIB,BPP,2020 (BCP 8),NSTORE,Rocky Linux 8.10,administrator,3,0,HP DL380 GEN10,2028,DONE,4200004301,Prod,3,Unknown,NSTORE,Balikpapan,YES,2026-07-02 16:59:42 WIB,2,30,70,0,0,29.5,Low
DONE,DONE,Not Installed Agent UIM,BCP,bcpprobebpppapp2,2026-07-02 16:59:42 WIB,BPP,2020 (BCP 8),PROBE,Rocky Linux 8.10,administrator,3,145,HP DL380 GEN10,2028,DONE,4200004301,Prod,3,Unknown,PROBE,Balikpapan,YES,2026-07-02 16:59:42 WIB,2,30,100,0,0,37.0,Medium
DONE,DONE,Monitored UIM,Z 31,bcpprobearfpapp11,2026-07-02 16:59:42 WIB,ARF,2023 (BCP 11),PROBE,Rocky Linux 8.10,root,3,60,DELL PowerEdge R750,2028,DONE,4100004105,Prod,3,Unknown,PROBE,Arifin Ahmad,YES,2026-07-02 16:59:42 WIB,2,30,0,0,0,12.0,Low
DONE,DONE,Not Installed Agent UIM,Z 31,bcpnstorearfpapp10,2026-07-02 16:59:42 WIB,ARF,2022 (BCP 10),NSTORE,Rocky Linux 8.10,administrator,3,0,HP DL380 GEN9,2027,DONE,4200029832,Prod,3,ex Kenanga (bcpnstorekngpapp2),NSTORE,Arifin Ahmad,YES,2026-07-02 16:59:42 WIB,1,60,100,0,0,49.0,Medium
DONE,DONE,Not Installed Agent UIM,Z 31,bcpprobearfpapp10,2026-07-02 16:59:42 WIB,ARF,2018 (BCP 6),PROBE,Rocky Linux 8.10,administrator,3,100,HP DL380 GEN9,2027,DONE,4200029832,Prod,3,ex Kenanga (bcpprobekngpapp2),PROBE,Arifin Ahmad,YES,2026-07-02 16:59:42 WIB,1,60,100,0,0,49.0,Medium
DONE,DONE,Not Installed Agent UIM,Z 31,bcpnstorearfpapp9,2026-07-02 16:59:42 WIB,ARF,2021 (BCP 9),NSTORE,Rocky Linux 8.10,administrator,3,0,HP DL380 GEN10,2027,DONE,4200021563,Prod,3,Unknown,NSTORE,Arifin Ahmad,YES,2026-07-02 16:59:42 WIB,1,60,100,0,0,49.0,Medium
DONE,DONE,Not Installed Agent UIM,Z 31,bcpprobearfpapp9,2026-07-02 16:59:42 WIB,ARF,2021 (BCP 9),PROBE,Rocky Linux 8.10,administrator,3,100,HP DL380 GEN10,2027,DONE,4200021563,Prod,3,Unknown,PROBE,Arifin Ahmad,YES,2026-07-02 16:59:42 WIB,1,60,100,0,0,49.0,Medium
DONE,Not Feasible,Not Available,Z 31,bcpswitcharfpapp4,2026-07-02 16:59:42 WIB,ARF,2020 (BCP 8),SWITCH,Unknown,Unknown,3,Unknown,Switch Catalyst 9300 48 Port,2028,Not Feasible,4200004289,Prod,3,Unknown,SWITCH,Arifin Ahmad,YES,2026-07-02 16:59:42 WIB,2,30,100,100,100,72.0,High
DONE,Not Feasible,Not Available,Z 31,bcpswitcharfpapp3,2026-07-02 16:59:42 WIB,ARF,2020 (BCP 8),SWITCH,Unknown,Unknown,3,Unknown,Switch Catalyst 9300 48 Port,2028,Not Feasible,4200004289,Prod,3,Unknown,SWITCH,Arifin Ahmad,YES,2026-07-02 16:59:42 WIB,2,30,100,100,100,72.0,High
DONE,DONE,Monitored UIM,Z 31,bcpnstorearfpapp8,2026-07-02 16:59:42 WIB,ARF,2020 (BCP 8),NSTORE,Rocky Linux 8.10,administrator,3,0,HP DL380 GEN10,2028,DONE,4200004288,Prod,3,Unknown,NSTORE,Arifin Ahmad,YES,2026-07-02 16:59:42 WIB,2,30,0,0,0,12.0,Low
DONE,DONE,Monitored UIM,Z 31,bcpnstorearfpapp7,2026-07-02 16:59:42 WIB,ARF,2020 (BCP 8),NSTORE,Rocky Linux 8.10,administrator,3,0,HP DL380 GEN10,2028,DONE,4200004288,Prod,3,Unknown,NSTORE,Arifin Ahmad,YES,2026-07-02 16:59:42 WIB,2,30,0,0,0,12.0,Low
DONE,DONE,Monitored UIM,Z 31,bcpprobearfpapp8,2026-07-02 16:59:42 WIB,ARF,2020 (BCP 8),PROBE,Rocky Linux 8.10,administrator,3,145,HP DL380 GEN10,2028,DONE,4200004288,Prod,3,Unknown,PROBE,Arifin Ahmad,YES,2026-07-02 16:59:42 WIB,2,30,0,0,0,12.0,Low
DONE,DONE,Not Installed Agent UIM,Z 31,bcpprobearfpapp7,2026-07-02 16:59:42 WIB,ARF,2020 (BCP 8),PROBE,Rocky Linux 8.10,administrator,3,145,HP DL380 GEN10,2028,DONE,4200004288,Prod,3,Unknown,PROBE,Arifin Ahmad,YES,2026-07-02 16:59:42 WIB,2,30,100,0,0,37.0,Medium
DONE,Not Feasible,Not Available,X 34,bcpswitcharfpapp2,2026-07-02 16:59:42 WIB,ARF,2017 (BCP 5),SWITCH,Unknown,Unknown,3,Unknown,Switch Quanta 1G LB9,2026,Not Feasible,HOP170051,Prod,3,ex TBS,SWITCH,Arifin Ahmad,YES,2026-07-02 16:59:42 WIB,0,100,100,100,100,100.0,High
DONE,Not Feasible,Not Available,X 34,bcpswitcharfpapp1,2026-07-02 16:59:42 WIB,ARF,2017 (BCP 5),SWITCH,Unknown,Unknown,3,Unknown,Switch Quanta 1G LB9,2026,Not Feasible,HOP170051,Prod,3,ex TBS,SWITCH,Arifin Ahmad,YES,2026-07-02 16:59:42 WIB,0,100,100,100,100,100.0,High
DONE,Not Feasible,Not Available,2.2.28E,bcpswitchahzpapp2,2026-07-02 16:59:42 WIB,AHZ,2023 (BCP 11),SWITCH,Unknown,Unknown,2,Unknown,Cisco Catalyst  9300 48 Port,2028,Not Feasible,4100004105,Prod,2,Unknown,SWITCH,Amir Hamzah,YES,2026-07-02 16:59:42 WIB,2,30,100,100,100,72.0,High
DONE,Not Feasible,Not Available,2.2.28E,bcpswitchahzpapp1,2026-07-02 16:59:42 WIB,AHZ,2023 (BCP 11),SWITCH,Unknown,Unknown,2,Unknown,Cisco Catalyst  9300 48 Port,2028,Not Feasible,4100004105,Prod,2,Unknown,SWITCH,Amir Hamzah,YES,2026-07-02 16:59:42 WIB,2,30,100,100,100,72.0,High
DONE,DONE,Monitored UIM,2.2.28E,bcpnstoreahzpapp5,2026-07-02 16:59:42 WIB,AHZ,2023 (BCP 11),NSTORE,Rocky Linux 8.10,root,2,0,DELL PowerEdge R750,2028,DONE,4100004105,Prod,2,Unknown,NSTORE,Amir Hamzah,YES,2026-07-02 16:59:42 WIB,2,30,0,0,0,12.0,Low
DONE,DONE,Monitored UIM,2.2.28E,bcpprobeahzpapp5,2026-07-02 16:59:42 WIB,AHZ,2023 (BCP 11),PROBE,Rocky Linux 8.10,root,2,145,DELL PowerEdge R750,2028,DONE,4100004105,Prod,2,Unknown,PROBE,Amir Hamzah,YES,2026-07-02 16:59:42 WIB,2,30,0,0,0,12.0,Low
DONE,DONE,Monitored UIM,2.2.28E,bcpnstoreahzpapp4,2026-07-02 16:59:42 WIB,AHZ,2023 (BCP 11),NSTORE,Rocky Linux 8.10,root,2,0,DELL PowerEdge R750,2028,DONE,4100004105,Prod,2,Unknown,NSTORE,Amir Hamzah,YES,2026-07-02 16:59:42 WIB,2,30,0,0,0,12.0,Low
DONE,DONE,Monitored UIM,2.2.28E,bcpprobeahzpapp4,2026-07-02 16:59:42 WIB,AHZ,2023 (BCP 11),PROBE,Rocky Linux 8.10,root,2,145,DELL PowerEdge R750,2028,DONE,4100004105,Prod,2,Unknown,PROBE,Amir Hamzah,YES,2026-07-02 16:59:42 WIB,2,30,0,0,0,12.0,Low
DONE,DONE,Monitored UIM,2.2.28E,bcpprobeahzpapp3,2026-07-02 16:59:42 WIB,AHZ,2023 (BCP 11),PROBE,Rocky Linux 8.10,root,2,145,DELL PowerEdge R750,2028,DONE,4100004105,Prod,2,Unknown,PROBE,Amir Hamzah,YES,2026-07-02 16:59:42 WIB,2,30,0,0,0,12.0,Low
DONE,DONE,Monitored UIM,2.2.28E,bcpnstoreahzpapp3,2026-07-02 16:59:42 WIB,AHZ,2023 (BCP 11),NSTORE,Rocky Linux 8.10,root,2,0,DELL PowerEdge R750,2028,DONE,4100004105,Prod,2,Unknown,NSTORE,Amir Hamzah,YES,2026-07-02 16:59:42 WIB,2,30,0,0,0,12.0,Low
DONE,DONE,Monitored UIM,2.2.28E,bcpnstoreahzpapp2,2026-07-02 16:59:42 WIB,AHZ,2020 (BCP 8),NSTORE,Rocky Linux 8.10,administrator,2,0,HP DL380 GEN10,2028,DONE,4200004300,Prod,2,Unknown,NSTORE,Amir Hamzah,YES,2026-07-02 16:59:42 WIB,2,30,0,0,0,12.0,Low
DONE,Not Feasible,Not Available,BCP,bcpswitchabnpapp2,2026-07-02 16:59:42 WIB,ABN,2023 (BCP 11),SWITCH,Unknown,Unknown,3,Unknown,Cisco Catalyst  9300 48 Port,2028,Not Feasible,4100004105,Prod,3,Unknown,SWITCH,Ambon,YES,2026-07-02 16:59:42 WIB,2,30,100,100,100,72.0,High
DONE,Not Feasible,Not Available,BCP,bcpswitchabnpapp1,2026-07-02 16:59:42 WIB,ABN,2023 (BCP 11),SWITCH,Unknown,Unknown,3,Unknown,Cisco Catalyst  9300 48 Port,2028,Not Feasible,4100004105,Prod,3,Unknown,SWITCH,Ambon,YES,2026-07-02 16:59:42 WIB,2,30,100,100,100,72.0,High
DONE,DONE,Monitored UIM,BCP,bcpnstoreabnpapp1,2026-07-02 16:59:42 WIB,ABN,2023 (BCP 11),NSTORE,Rocky Linux 8.10,root,3,0,DELL PowerEdge R750,2028,DONE,4100004105,Prod,3,Unknown,NSTORE,Ambon,YES,2026-07-02 16:59:42 WIB,2,30,0,0,0,12.0,Low
DONE,DONE,Monitored UIM,BCP,bcpprobeabnpapp1,2026-07-02 16:59:42 WIB,ABN,2023 (BCP 11),PROBE,Rocky Linux 8.10,root,3,145,DELL PowerEdge R750,2028,DONE,4100004105,Prod,3,Unknown,PROBE,Ambon,YES,2026-07-02 16:59:42 WIB,2,30,0,0,0,12.0,Low
DONE,Not Feasible,Not Available,AS37,bcpswitchlbopapp2,2026-07-02 16:59:42 WIB,LBO,2023 (BCP 11),SWITCH,Unknown,Unknown,oreage,Unknown,Cisco Catalyst  9300 48 Port,2028,Not Feasible,4100004105,Prod,oreage,Unknown,SWITCH,Aceh / Lambaro,YES,2026-07-02 16:59:42 WIB,2,30,100,100,100,72.0,High
DONE,Not Feasible,Not Available,AS37,bcpswitchlbopapp1,2026-07-02 16:59:42 WIB,LBO,2023 (BCP 11),SWITCH,Unknown,Unknown,2,Unknown,Cisco Catalyst  9300 48 Port,2028,Not Feasible,4100004105,Prod,2,Unknown,SWITCH,Aceh / Lambaro,YES,2026-07-02 16:59:42 WIB,2,30,100,100,100,72.0,High
DONE,DONE,Monitored UIM,AS37,bcpprobelbopapp3,2026-07-02 16:59:42 WIB,LBO,2023 (BCP 11),PROBE,Rocky Linux 8.10,root,2,60,DELL PowerEdge R750,2028,DONE,4100004105,Prod,2,Unknown,PROBE,Aceh / Lambaro,YES,2026-07-02 16:59:42 WIB,2,30,0,0,0,12.0,Low
DONE,DONE,Monitored UIM,AS37,bcpnstorelbopapp2,2026-07-02 16:59:42 WIB,LBO,2023 (BCP 11),NSTORE,Rocky Linux 8.10,root,2,0,DELL PowerEdge R750,2028,DONE,4100004105,Prod,2,Unknown,NSTORE,Aceh / Lambaro,YES,2026-07-02 16:59:42 WIB,2,30,0,0,0,12.0,Low
DONE,DONE,Monitored UIM,AS37,bcpprobelbopapp2,2026-07-02 16:59:42 WIB,LBO,2023 (BCP 11),PROBE,Rocky Linux 8.10,root,2,145,DELL PowerEdge R750,2028,DONE,4100004105,Prod,2,Unknown,PROBE,Aceh / Lambaro,YES,2026-07-02 16:59:42 WIB,2,30,0,0,0,12.0,Low
